filename,predicted_class,confidence
2670762_Zhangye_Danxia_Colorful_Rocks.jpg,Colorful mountains,0.2203913927078247
4466152_The_Eiffel_Tower.jpg,Tall towers/skyscrapers,0.1851523518562317
5348386_Grand_Canyon.jpg,Waterfalls and lakes,0.17774271965026855
5654047_Machu_Picchu.jpg,Ancient ruins,0.18959413468837738
5185086_Zhangye_Danxia_Colorful_Rocks.jpg,Waterfalls and lakes,0.19331248104572296
171886_Machu_Picchu.jpg,Ancient pyramids,0.17951898276805878
4119828_The_Eiffel_Tower.jpg,Tall towers/skyscrapers,0.15962029993534088
4562183_st_petersburg_hermitage.jpg,Waterfalls and lakes,0.10619937628507614
868547_Plitvice_Lakes.jpg,Waterfalls and lakes,0.22338595986366272
5312321_Coliseum.jpg,Ancient ruins,0.2151225209236145
4575212_Kremlin_Moscow.jpg,Moscow Kremlin,0.2568459212779999
2604874_Cappadocia.jpg,Cappadocia balloons,0.1815059632062912
4973912_Tianzi_Mountains.jpg,Colorful mountains,0.16940978169441223
5642455_Grand_Canyon.jpg,Colorful mountains,0.1906265765428543
4970019_Tianzi_Mountains.jpg,Waterfalls and lakes,0.2112244963645935
939937_Machu_Picchu.jpg,Ancient ruins,0.17493689060211182
1574826_Plitvice_Lakes.jpg,Waterfalls and lakes,0.2383878529071808
3993912_Niagara_Falls.jpg,Waterfalls and lakes,0.22257694602012634
7605210_Niagara_Falls.jpg,Colorful mountains,0.20892742276191711
2208842_st_petersburg_hermitage.jpg,Moscow Kremlin,0.21066300570964813
410455_Cappadocia.jpg,Cappadocia balloons,0.28756290674209595
2835689_Grand_Canyon.jpg,Colorful mountains,0.1714298278093338
4562306_The_Eiffel_Tower.jpg,Tall towers/skyscrapers,0.15124642848968506
3231179_Machu_Picchu.jpg,Ancient pyramids,0.1842368245124817
2447891_Kremlin_Moscow.jpg,Moscow Kremlin,0.25246497988700867
5899421_Zhangye_Danxia_Colorful_Rocks.jpg,Waterfalls and lakes,0.20886990427970886
2802132_Pyramids_of_Giza.jpg,Waterfalls and lakes,0.14091093838214874
4071848_Burj_Khalifa.jpg,Tall towers/skyscrapers,0.16148415207862854
4539840_Burj_Khalifa.jpg,Tall towers/skyscrapers,0.18542474508285522
4154456_The_Eiffel_Tower.jpg,Tall towers/skyscrapers,0.1612861454486847
7470767_Zhangye_Danxia_Colorful_Rocks.jpg,Pillar mountains,0.15120035409927368
1085058_Burj_Khalifa.jpg,Tall towers/skyscrapers,0.1792258471250534
8357177_Niagara_Falls.jpg,Colorful mountains,0.18653500080108643
193818_Niagara_Falls.jpg,Waterfalls and lakes,0.2236764132976532
73074_Niagara_Falls.jpg,Cappadocia balloons,0.15816202759742737
8531778_Tianzi_Mountains.jpg,Colorful mountains,0.19100619852542877
772355_Machu_Picchu.jpg,Ancient ruins,0.18132950365543365
2990060_Zhangye_Danxia_Colorful_Rocks.jpg,Pillar mountains,0.18282905220985413
247196_Niagara_Falls.jpg,Ancient ruins,0.1540556252002716
4821520_st_petersburg_hermitage.jpg,Ancient pyramids,0.1061505526304245
2643584_Pyramids_of_Giza.jpg,Ancient pyramids,0.1919969916343689
601755_Coliseum.jpg,Ancient ruins,0.19336824119091034
5077131_Kremlin_Moscow.jpg,Moscow Kremlin,0.22707338631153107
4818121_Machu_Picchu.jpg,Waterfalls and lakes,0.19641803205013275
4646744_Tianzi_Mountains.jpg,Pillar mountains,0.19402924180030823
7525092_Niagara_Falls.jpg,Colorful mountains,0.1772175133228302
3539208_st_petersburg_hermitage.jpg,Moscow Kremlin,0.23929664492607117
6332476_Tianzi_Mountains.jpg,Pillar mountains,0.19270016252994537
3736557_Grand_Canyon.jpg,Colorful mountains,0.18578431010246277
4580283_Zhangye_Danxia_Colorful_Rocks.jpg,Waterfalls and lakes,0.15898892283439636
4575023_Plitvice_Lakes.jpg,Waterfalls and lakes,0.19942273199558258
3083739_st_petersburg_hermitage.jpg,Moscow Kremlin,0.19723281264305115
4423621_Tianzi_Mountains.jpg,Colorful mountains,0.1865331530570984
1392236_Pyramids_of_Giza.jpg,Ancient pyramids,0.22858624160289764
3516519_Zhangye_Danxia_Colorful_Rocks.jpg,Colorful mountains,0.13267064094543457
407252_Plitvice_Lakes.jpg,Waterfalls and lakes,0.17427149415016174
6757911_Cappadocia.jpg,Cappadocia balloons,0.30759525299072266
4595130_Grand_Canyon.jpg,Pillar mountains,0.19280442595481873
637990_Burj_Khalifa.jpg,Tall towers/skyscrapers,0.16873815655708313
1272663_Plitvice_Lakes.jpg,Waterfalls and lakes,0.2118564248085022
3588611_The_Eiffel_Tower.jpg,Tall towers/skyscrapers,0.16502723097801208
2090162_Grand_Canyon.jpg,Colorful mountains,0.1822247952222824
3114624_Machu_Picchu.jpg,Waterfalls and lakes,0.16981007158756256
4262271_The_Eiffel_Tower.jpg,Ancient pyramids,0.16645509004592896
6902548_st_petersburg_hermitage.jpg,Moscow Kremlin,0.21916186809539795
3396620_st_petersburg_hermitage.jpg,Moscow Kremlin,0.2122097909450531
5761765_Machu_Picchu.jpg,Colorful mountains,0.19358833134174347
43394_Machu_Picchu.jpg,Ancient pyramids,0.18393072485923767
5453670_Burj_Khalifa.jpg,Tall towers/skyscrapers,0.1556997448205948
1325506_The_Eiffel_Tower.jpg,Ancient pyramids,0.14890307188034058
3722398_Plitvice_Lakes.jpg,Waterfalls and lakes,0.17901089787483215
5077142_Kremlin_Moscow.jpg,Moscow Kremlin,0.26391997933387756
7704594_Tianzi_Mountains.jpg,Pillar mountains,0.1723490059375763
4575033_Plitvice_Lakes.jpg,Waterfalls and lakes,0.23918011784553528
3568379_Kremlin_Moscow.jpg,Moscow Kremlin,0.15862222015857697
1661034_Grand_Canyon.jpg,Colorful mountains,0.18485058844089508
779032_Burj_Khalifa.jpg,Tall towers/skyscrapers,0.17430949211120605
1079937_Grand_Canyon.jpg,Pillar mountains,0.1722232848405838
7585895_Zhangye_Danxia_Colorful_Rocks.jpg,Pillar mountains,0.1828848123550415
6867144_Tianzi_Mountains.jpg,Pillar mountains,0.20113100111484528
1142404_Burj_Khalifa.jpg,Tall towers/skyscrapers,0.15461760759353638
1175828_Pyramids_of_Giza.jpg,Ancient pyramids,0.24890077114105225
89047_Pyramids_of_Giza.jpg,Ancient pyramids,0.24215681850910187
3227572_Kremlin_Moscow.jpg,Moscow Kremlin,0.17596542835235596
73679_Cappadocia.jpg,Cappadocia balloons,0.22691762447357178
2942474_Zhangye_Danxia_Colorful_Rocks.jpg,Colorful mountains,0.20081856846809387
9011084_Pyramids_of_Giza.jpg,Ancient pyramids,0.17222923040390015
3609863_Plitvice_Lakes.jpg,Colorful mountains,0.19231390953063965
3907153_Cappadocia.jpg,Cappadocia balloons,0.28534334897994995
1556177_Tianzi_Mountains.jpg,Colorful mountains,0.18125957250595093
2759620_The_Eiffel_Tower.jpg,Tall towers/skyscrapers,0.15920087695121765
4922314_Burj_Khalifa.jpg,Tall towers/skyscrapers,0.20589953660964966
1838626_The_Eiffel_Tower.jpg,Ancient pyramids,0.16557130217552185
53701_Grand_Canyon.jpg,Waterfalls and lakes,0.17923016846179962
1853365_The_Eiffel_Tower.jpg,Tall towers/skyscrapers,0.15420548617839813
2656548_Plitvice_Lakes.jpg,Waterfalls and lakes,0.2306840419769287
43380_Machu_Picchu.jpg,Pillar mountains,0.20947957038879395
499585_Plitvice_Lakes.jpg,Waterfalls and lakes,0.1448337882757187
6387465_Kremlin_Moscow.jpg,Moscow Kremlin,0.2503736615180969
2695776_Kremlin_Moscow.jpg,Moscow Kremlin,0.1980200856924057
4756046_Zhangye_Danxia_Colorful_Rocks.jpg,Colorful mountains,0.16308847069740295
1175827_Pyramids_of_Giza.jpg,Ancient pyramids,0.22857807576656342
6369825_Tianzi_Mountains.jpg,Colorful mountains,0.21587659418582916
5391098_st_petersburg_hermitage.jpg,Moscow Kremlin,0.20974549651145935
8381508_Niagara_Falls.jpg,Waterfalls and lakes,0.17394311726093292
8922215_Plitvice_Lakes.jpg,Colorful mountains,0.17183437943458557
5277521_Pyramids_of_Giza.jpg,Ancient pyramids,0.22927559912204742
73676_Cappadocia.jpg,Cappadocia balloons,0.21637219190597534
1665790_Grand_Canyon.jpg,Waterfalls and lakes,0.15555955469608307
1934088_Zhangye_Danxia_Colorful_Rocks.jpg,Colorful mountains,0.12432865053415298
2297961_Tianzi_Mountains.jpg,Colorful mountains,0.1945922076702118
7944181_Zhangye_Danxia_Colorful_Rocks.jpg,Ancient pyramids,0.15527456998825073
5332734_Machu_Picchu.jpg,Ancient pyramids,0.18932175636291504
7592739_Tianzi_Mountains.jpg,Colorful mountains,0.17888067662715912
5946500_Tianzi_Mountains.jpg,Colorful mountains,0.184955894947052
5829618_Burj_Khalifa.jpg,Tall towers/skyscrapers,0.21829834580421448
6701771_Pyramids_of_Giza.jpg,Ancient pyramids,0.1673680990934372
4230996_The_Eiffel_Tower.jpg,Ancient ruins,0.1261601746082306
1926946_Niagara_Falls.jpg,Ancient ruins,0.111348956823349
2953850_Niagara_Falls.jpg,Waterfalls and lakes,0.1999315470457077
3733115_Niagara_Falls.jpg,Colorful mountains,0.1765563040971756
1029678_Kremlin_Moscow.jpg,Ancient pyramids,0.15495248138904572
73689_Cappadocia.jpg,Cappadocia balloons,0.23291786015033722
8169401_The_Eiffel_Tower.jpg,Tall towers/skyscrapers,0.16792656481266022
5447612_Pyramids_of_Giza.jpg,Ancient pyramids,0.2013273537158966
1634197_Plitvice_Lakes.jpg,Waterfalls and lakes,0.18869833648204803
3249608_st_petersburg_hermitage.jpg,Moscow Kremlin,0.19413581490516663
805624_Cappadocia.jpg,Cappadocia balloons,0.2912525534629822
8306693_Zhangye_Danxia_Colorful_Rocks.jpg,Waterfalls and lakes,0.13779066503047943
5340136_Pyramids_of_Giza.jpg,Ancient pyramids,0.23393644392490387
2612675_st_petersburg_hermitage.jpg,Moscow Kremlin,0.21410639584064484
3679_Grand_Canyon.jpg,Waterfalls and lakes,0.16975966095924377
5047352_Coliseum.jpg,Ancient ruins,0.18534328043460846
43401_Machu_Picchu.jpg,Ancient ruins,0.18866930902004242
7492389_Zhangye_Danxia_Colorful_Rocks.jpg,Pillar mountains,0.1801348775625229
9985148_Zhangye_Danxia_Colorful_Rocks.jpg,Pillar mountains,0.12572769820690155
4342242_st_petersburg_hermitage.jpg,Ancient ruins,0.14065662026405334
4940307_Burj_Khalifa.jpg,Tall towers/skyscrapers,0.16412095725536346
89106_Machu_Picchu.jpg,Ancient pyramids,0.1833352893590927
2760499_Niagara_Falls.jpg,Waterfalls and lakes,0.23346161842346191
2179282_Grand_Canyon.jpg,Waterfalls and lakes,0.18909290432929993
411152_Grand_Canyon.jpg,Colorful mountains,0.18336614966392517
6627197_Zhangye_Danxia_Colorful_Rocks.jpg,Pillar mountains,0.15030790865421295
2371501_Pyramids_of_Giza.jpg,Ancient pyramids,0.2571546137332916
5140665_Plitvice_Lakes.jpg,Waterfalls and lakes,0.23380519449710846
1046381_st_petersburg_hermitage.jpg,Cappadocia balloons,0.14901305735111237
6853164_Niagara_Falls.jpg,Colorful mountains,0.15120285749435425
1175822_Pyramids_of_Giza.jpg,Ancient pyramids,0.20012982189655304
2374587_Coliseum.jpg,Ancient ruins,0.1729235202074051
4813495_The_Eiffel_Tower.jpg,Tall towers/skyscrapers,0.16300883889198303
3236048_Zhangye_Danxia_Colorful_Rocks.jpg,Ancient pyramids,0.172913059592247
1836412_Grand_Canyon.jpg,Colorful mountains,0.17158293724060059
1029527_Kremlin_Moscow.jpg,Moscow Kremlin,0.23882779479026794
3766468_st_petersburg_hermitage.jpg,Moscow Kremlin,0.27720192074775696
5004659_Zhangye_Danxia_Colorful_Rocks.jpg,Pillar mountains,0.15409061312675476
2518426_Machu_Picchu.jpg,Pillar mountains,0.18785065412521362
4590646_Zhangye_Danxia_Colorful_Rocks.jpg,Waterfalls and lakes,0.14757472276687622
601763_Coliseum.jpg,Ancient ruins,0.1956314593553543
7459841_Pyramids_of_Giza.jpg,Ancient pyramids,0.2606865167617798
5213746_Zhangye_Danxia_Colorful_Rocks.jpg,Waterfalls and lakes,0.14294636249542236
4844110_Coliseum.jpg,Ancient ruins,0.19998660683631897
235417_Cappadocia.jpg,Cappadocia balloons,0.2401750236749649
3793717_Tianzi_Mountains.jpg,Colorful mountains,0.17211951315402985
4318503_Kremlin_Moscow.jpg,Moscow Kremlin,0.24677613377571106
3297561_Tianzi_Mountains.jpg,Pillar mountains,0.19888781011104584
7217175_Cappadocia.jpg,Cappadocia balloons,0.2923082709312439
3389596_Kremlin_Moscow.jpg,Moscow Kremlin,0.2639119327068329
4575241_Kremlin_Moscow.jpg,Moscow Kremlin,0.21629473567008972
1530090_Grand_Canyon.jpg,Waterfalls and lakes,0.1843750774860382
2612663_st_petersburg_hermitage.jpg,Moscow Kremlin,0.23755645751953125
518018_Cappadocia.jpg,Cappadocia balloons,0.3012355864048004
6792028_Niagara_Falls.jpg,Waterfalls and lakes,0.1676502674818039
2591874_Zhangye_Danxia_Colorful_Rocks.jpg,Colorful mountains,0.16152310371398926
1029668_Kremlin_Moscow.jpg,Moscow Kremlin,0.25426316261291504
7551111_Zhangye_Danxia_Colorful_Rocks.jpg,Pillar mountains,0.16778302192687988
5178725_Kremlin_Moscow.jpg,Moscow Kremlin,0.2541053295135498
398929_Niagara_Falls.jpg,Waterfalls and lakes,0.20762239396572113
601764_Coliseum.jpg,Ancient ruins,0.15519028902053833
4933717_Zhangye_Danxia_Colorful_Rocks.jpg,Waterfalls and lakes,0.1670926958322525
2214811_Niagara_Falls.jpg,Waterfalls and lakes,0.22635647654533386
2802144_Pyramids_of_Giza.jpg,Ancient pyramids,0.1597413271665573
6080933_Machu_Picchu.jpg,Colorful mountains,0.21011264622211456
6206915_Cappadocia.jpg,Colorful mountains,0.17851969599723816
4516584_Burj_Khalifa.jpg,Tall towers/skyscrapers,0.19234472513198853
43379_Machu_Picchu.jpg,Pillar mountains,0.2179061472415924
3393238_Cappadocia.jpg,Cappadocia balloons,0.22064653038978577
2391175_Kremlin_Moscow.jpg,Tall towers/skyscrapers,0.15524403750896454
3341112_Grand_Canyon.jpg,Pillar mountains,0.1606350839138031
2656538_Plitvice_Lakes.jpg,Waterfalls and lakes,0.2134385108947754
1906840_Cappadocia.jpg,Cappadocia balloons,0.23403620719909668
4430075_Pyramids_of_Giza.jpg,Ancient pyramids,0.20415309071540833
5795883_Tianzi_Mountains.jpg,Pillar mountains,0.18050815165042877
2212978_Burj_Khalifa.jpg,Tall towers/skyscrapers,0.18957316875457764
3051961_Plitvice_Lakes.jpg,Waterfalls and lakes,0.20302563905715942
5740732_Grand_Canyon.jpg,Colorful mountains,0.2103932797908783
4900746_Kremlin_Moscow.jpg,Moscow Kremlin,0.2539048194885254
3627628_The_Eiffel_Tower.jpg,Ancient ruins,0.17358216643333435
2802117_Pyramids_of_Giza.jpg,Waterfalls and lakes,0.1348254680633545
3532792_Kremlin_Moscow.jpg,Moscow Kremlin,0.2643420398235321
5210483_The_Eiffel_Tower.jpg,Tall towers/skyscrapers,0.167153462767601
224935_Niagara_Falls.jpg,Tall towers/skyscrapers,0.130548894405365
6798400_Niagara_Falls.jpg,Waterfalls and lakes,0.1943059265613556
7075744_Plitvice_Lakes.jpg,Waterfalls and lakes,0.18498943746089935
815689_Pyramids_of_Giza.jpg,Ancient pyramids,0.15233901143074036
4771749_Niagara_Falls.jpg,Waterfalls and lakes,0.2147134691476822
1048995_Tianzi_Mountains.jpg,Colorful mountains,0.2068803757429123
624376_Coliseum.jpg,Ancient ruins,0.17651399970054626
9064240_The_Eiffel_Tower.jpg,Tall towers/skyscrapers,0.16953209042549133
4517342_The_Eiffel_Tower.jpg,Ancient pyramids,0.1599690020084381
5140666_Plitvice_Lakes.jpg,Waterfalls and lakes,0.21721364557743073
4332682_Kremlin_Moscow.jpg,Moscow Kremlin,0.20866689085960388
2292836_Burj_Khalifa.jpg,Waterfalls and lakes,0.1706051230430603
3949782_Zhangye_Danxia_Colorful_Rocks.jpg,Colorful mountains,0.15932221710681915
4940303_Burj_Khalifa.jpg,Tall towers/skyscrapers,0.19937783479690552
2363348_Zhangye_Danxia_Colorful_Rocks.jpg,Pillar mountains,0.2074846625328064
5197891_st_petersburg_hermitage.jpg,Waterfalls and lakes,0.1664726585149765
5223959_Machu_Picchu.jpg,Colorful mountains,0.1759113371372223
2491980_Grand_Canyon.jpg,Colorful mountains,0.17250646650791168
5819651_Tianzi_Mountains.jpg,Colorful mountains,0.1726369708776474
5178726_Kremlin_Moscow.jpg,Moscow Kremlin,0.24122503399848938
3287636_st_petersburg_hermitage.jpg,Moscow Kremlin,0.2211437076330185
9883703_Plitvice_Lakes.jpg,Pillar mountains,0.19044137001037598
1530094_Grand_Canyon.jpg,Waterfalls and lakes,0.18792003393173218
3102811_The_Eiffel_Tower.jpg,Tall towers/skyscrapers,0.17622670531272888
4591426_Cappadocia.jpg,Cappadocia balloons,0.25373727083206177
4727668_Tianzi_Mountains.jpg,Colorful mountains,0.18012690544128418
6695818_The_Eiffel_Tower.jpg,Ancient pyramids,0.18559737503528595
3964420_Grand_Canyon.jpg,Ancient pyramids,0.1104644313454628
4998149_Kremlin_Moscow.jpg,Moscow Kremlin,0.23719793558120728
4339947_st_petersburg_hermitage.jpg,Pillar mountains,0.15135405957698822
540123_Zhangye_Danxia_Colorful_Rocks.jpg,Colorful mountains,0.17075422406196594
8284023_Niagara_Falls.jpg,Colorful mountains,0.17358237504959106
4265271_Burj_Khalifa.jpg,Tall towers/skyscrapers,0.1881856620311737
7217174_Cappadocia.jpg,Cappadocia balloons,0.29484331607818604
889173_Niagara_Falls.jpg,Waterfalls and lakes,0.21038000285625458
4965490_Tianzi_Mountains.jpg,Colorful mountains,0.17791222035884857
4353712_The_Eiffel_Tower.jpg,Ancient pyramids,0.16881383955478668
4575242_Kremlin_Moscow.jpg,Moscow Kremlin,0.2379073202610016
5791396_Plitvice_Lakes.jpg,Waterfalls and lakes,0.13915041089057922
100483_The_Eiffel_Tower.jpg,Tall towers/skyscrapers,0.16017675399780273
4606819_Tianzi_Mountains.jpg,Colorful mountains,0.17080029845237732
1246140_Zhangye_Danxia_Colorful_Rocks.jpg,Pillar mountains,0.18373505771160126
101801_Zhangye_Danxia_Colorful_Rocks.jpg,Ancient ruins,0.2122477889060974
848246_Grand_Canyon.jpg,Cappadocia balloons,0.17587783932685852
7843135_Tianzi_Mountains.jpg,Waterfalls and lakes,0.14821362495422363
4889381_Coliseum.jpg,Ancient ruins,0.19590231776237488
953590_The_Eiffel_Tower.jpg,Tall towers/skyscrapers,0.1513994336128235
2591874_Tianzi_Mountains.jpg,Colorful mountains,0.16152310371398926
4478427_Zhangye_Danxia_Colorful_Rocks.jpg,Colorful mountains,0.15616127848625183
9024268_Tianzi_Mountains.jpg,Colorful mountains,0.19368235766887665
2694993_Niagara_Falls.jpg,Waterfalls and lakes,0.2110966145992279
4796256_Pyramids_of_Giza.jpg,Ancient pyramids,0.20423758029937744
73677_Cappadocia.jpg,Cappadocia balloons,0.2170836478471756
4134487_Plitvice_Lakes.jpg,Waterfalls and lakes,0.17525160312652588
2871229_Pyramids_of_Giza.jpg,Ancient pyramids,0.2079646736383438
1034319_st_petersburg_hermitage.jpg,Moscow Kremlin,0.23552313446998596
2146761_Burj_Khalifa.jpg,Ancient pyramids,0.142210453748703
4310989_Kremlin_Moscow.jpg,Moscow Kremlin,0.20238208770751953
4896769_Grand_Canyon.jpg,Colorful mountains,0.176789328455925
3784077_Machu_Picchu.jpg,Waterfalls and lakes,0.16974647343158722
2913005_Machu_Picchu.jpg,Ancient ruins,0.19945082068443298
5391097_st_petersburg_hermitage.jpg,Tall towers/skyscrapers,0.1529889851808548
410453_Cappadocia.jpg,Cappadocia balloons,0.28543129563331604
5262273_Plitvice_Lakes.jpg,Waterfalls and lakes,0.20380061864852905
2211456_Pyramids_of_Giza.jpg,Ancient pyramids,0.19478878378868103
4097123_The_Eiffel_Tower.jpg,Ancient pyramids,0.15634064376354218
991440_st_petersburg_hermitage.jpg,Moscow Kremlin,0.16836659610271454
43384_Machu_Picchu.jpg,Ancient pyramids,0.18691226840019226
983874_Pyramids_of_Giza.jpg,Ancient pyramids,0.16253964602947235
4926555_Burj_Khalifa.jpg,Tall towers/skyscrapers,0.1885157823562622
2627471_Cappadocia.jpg,Cappadocia balloons,0.2761772871017456
9480700_Niagara_Falls.jpg,Ancient pyramids,0.140812948346138
2739451_Machu_Picchu.jpg,Ancient pyramids,0.1770215928554535
4579161_st_petersburg_hermitage.jpg,Waterfalls and lakes,0.14777828752994537
4071847_Burj_Khalifa.jpg,Tall towers/skyscrapers,0.1689760684967041
3649134_Cappadocia.jpg,Cappadocia balloons,0.2781049609184265
928324_The_Eiffel_Tower.jpg,Ancient pyramids,0.16807188093662262
805625_Cappadocia.jpg,Cappadocia balloons,0.29157087206840515
4936227_Burj_Khalifa.jpg,Tall towers/skyscrapers,0.1403689682483673
3456529_Zhangye_Danxia_Colorful_Rocks.jpg,Waterfalls and lakes,0.16765739023685455
8171205_st_petersburg_hermitage.jpg,Moscow Kremlin,0.1702405959367752
3641250_Cappadocia.jpg,Cappadocia balloons,0.2805553078651428
75967_Niagara_Falls.jpg,Ancient ruins,0.13779178261756897
1185474_Tianzi_Mountains.jpg,Colorful mountains,0.1841164082288742
1436821_Zhangye_Danxia_Colorful_Rocks.jpg,Ancient ruins,0.11754277348518372
6902554_st_petersburg_hermitage.jpg,Moscow Kremlin,0.19259467720985413
71072_Burj_Khalifa.jpg,Tall towers/skyscrapers,0.15873953700065613
43390_Machu_Picchu.jpg,Ancient pyramids,0.1825510561466217
2090166_Grand_Canyon.jpg,Waterfalls and lakes,0.10867812484502792
8251186_Tianzi_Mountains.jpg,Pillar mountains,0.23963208496570587
8952770_Cappadocia.jpg,Cappadocia balloons,0.24643109738826752
5036806_Niagara_Falls.jpg,Waterfalls and lakes,0.21220503747463226
6741996_Tianzi_Mountains.jpg,Colorful mountains,0.1933233141899109
517916_st_petersburg_hermitage.jpg,Moscow Kremlin,0.19496923685073853
2848742_st_petersburg_hermitage.jpg,Waterfalls and lakes,0.19012533128261566
3937171_Kremlin_Moscow.jpg,Moscow Kremlin,0.2663450837135315
4261031_Pyramids_of_Giza.jpg,Ancient ruins,0.2004433423280716
896395_Kremlin_Moscow.jpg,Moscow Kremlin,0.17313840985298157
4595134_Grand_Canyon.jpg,Colorful mountains,0.1720605194568634
1483524_Kremlin_Moscow.jpg,Moscow Kremlin,0.19389258325099945
4317389_Grand_Canyon.jpg,Colorful mountains,0.19841058552265167
73687_Cappadocia.jpg,Cappadocia balloons,0.24214020371437073
7956828_Tianzi_Mountains.jpg,Waterfalls and lakes,0.13287024199962616
53261_Grand_Canyon.jpg,Colorful mountains,0.21110139787197113
1838798_Zhangye_Danxia_Colorful_Rocks.jpg,Colorful mountains,0.16316908597946167
1272660_Plitvice_Lakes.jpg,Waterfalls and lakes,0.2405076026916504
825978_The_Eiffel_Tower.jpg,Ancient pyramids,0.164512038230896
1029680_Kremlin_Moscow.jpg,Moscow Kremlin,0.18072083592414856
2267078_Pyramids_of_Giza.jpg,Ancient pyramids,0.23301070928573608
9091894_Niagara_Falls.jpg,Waterfalls and lakes,0.18329057097434998
7034765_Kremlin_Moscow.jpg,Moscow Kremlin,0.2065698206424713
1858602_Niagara_Falls.jpg,Pillar mountains,0.15212588012218475
4922310_Burj_Khalifa.jpg,Tall towers/skyscrapers,0.19351819157600403
176935_The_Eiffel_Tower.jpg,Ancient ruins,0.1688036471605301
1317366_Pyramids_of_Giza.jpg,Ancient pyramids,0.23921550810337067
8437462_Plitvice_Lakes.jpg,Waterfalls and lakes,0.16895000636577606
5509828_Burj_Khalifa.jpg,Tall towers/skyscrapers,0.1731261909008026
4847687_Zhangye_Danxia_Colorful_Rocks.jpg,Colorful mountains,0.22610747814178467
3805684_Grand_Canyon.jpg,Colorful mountains,0.1809598058462143
4971854_Zhangye_Danxia_Colorful_Rocks.jpg,Waterfalls and lakes,0.16921420395374298
7721287_Plitvice_Lakes.jpg,Waterfalls and lakes,0.15493233501911163
6521474_Plitvice_Lakes.jpg,Colorful mountains,0.1559748351573944
5082317_Burj_Khalifa.jpg,Tall towers/skyscrapers,0.21132142841815948
832317_Pyramids_of_Giza.jpg,Ancient ruins,0.1490495651960373
5391084_st_petersburg_hermitage.jpg,Moscow Kremlin,0.1546446681022644
397831_Niagara_Falls.jpg,Waterfalls and lakes,0.22851590812206268
7217173_Cappadocia.jpg,Cappadocia balloons,0.292144238948822
2750722_The_Eiffel_Tower.jpg,Ancient pyramids,0.15769420564174652
4261070_Pyramids_of_Giza.jpg,Ancient pyramids,0.16498012840747833
862870_Tianzi_Mountains.jpg,Colorful mountains,0.22907526791095734
601765_Coliseum.jpg,Ancient ruins,0.20372293889522552
4796259_Pyramids_of_Giza.jpg,Ancient pyramids,0.19626975059509277
2864945_Pyramids_of_Giza.jpg,Ancient pyramids,0.24578723311424255
1035586_Grand_Canyon.jpg,Colorful mountains,0.18739241361618042
4575030_Plitvice_Lakes.jpg,Waterfalls and lakes,0.21050596237182617
2369948_Burj_Khalifa.jpg,Ancient pyramids,0.1617831289768219
4600732_Pyramids_of_Giza.jpg,Ancient pyramids,0.22333219647407532
4627143_The_Eiffel_Tower.jpg,Tall towers/skyscrapers,0.14122380316257477
7559738_Niagara_Falls.jpg,Colorful mountains,0.19174784421920776
4353012_The_Eiffel_Tower.jpg,Tall towers/skyscrapers,0.16790980100631714
7907835_Plitvice_Lakes.jpg,Waterfalls and lakes,0.1830758899450302
7467503_Tianzi_Mountains.jpg,Pillar mountains,0.14562341570854187
3711585_st_petersburg_hermitage.jpg,Moscow Kremlin,0.18918687105178833
6953434_Burj_Khalifa.jpg,Ancient pyramids,0.14325718581676483
601762_Coliseum.jpg,Ancient ruins,0.19120845198631287
1869135_Tianzi_Mountains.jpg,Waterfalls and lakes,0.13360747694969177
5077420_st_petersburg_hermitage.jpg,Moscow Kremlin,0.21885937452316284
1558621_Grand_Canyon.jpg,Waterfalls and lakes,0.17916756868362427
4273791_Grand_Canyon.jpg,Colorful mountains,0.17009016871452332
4970081_Tianzi_Mountains.jpg,Waterfalls and lakes,0.19537639617919922
9651981_Tianzi_Mountains.jpg,Pillar mountains,0.14774103462696075
4064748_Grand_Canyon.jpg,Colorful mountains,0.17972463369369507
1995038_Grand_Canyon.jpg,Colorful mountains,0.1942702829837799
8386084_Niagara_Falls.jpg,Waterfalls and lakes,0.13521647453308105
8803489_Plitvice_Lakes.jpg,Waterfalls and lakes,0.19887956976890564
235419_Cappadocia.jpg,Pillar mountains,0.19804468750953674
5160346_Grand_Canyon.jpg,Colorful mountains,0.18377728760242462
5270797_Cappadocia.jpg,Cappadocia balloons,0.296578049659729
8249661_Cappadocia.jpg,Cappadocia balloons,0.25048500299453735
3666015_Kremlin_Moscow.jpg,Moscow Kremlin,0.22251884639263153
3247356_st_petersburg_hermitage.jpg,Ancient ruins,0.12451449781656265
1851092_Tianzi_Mountains.jpg,Waterfalls and lakes,0.18829165399074554
2111899_Coliseum.jpg,Ancient ruins,0.2014264464378357
5630493_Cappadocia.jpg,Cappadocia balloons,0.2855423092842102
1985027_Tianzi_Mountains.jpg,Pillar mountains,0.18435001373291016
7890729_Tianzi_Mountains.jpg,Waterfalls and lakes,0.15356428921222687
6169161_Kremlin_Moscow.jpg,Moscow Kremlin,0.2217320054769516
1868203_Pyramids_of_Giza.jpg,Ancient pyramids,0.2172902226448059
8395119_Niagara_Falls.jpg,Colorful mountains,0.18252861499786377
190807_Plitvice_Lakes.jpg,Waterfalls and lakes,0.1999872922897339
83191_Grand_Canyon.jpg,Waterfalls and lakes,0.17466586828231812
498374_The_Eiffel_Tower.jpg,Tall towers/skyscrapers,0.16178222000598907
6901805_Plitvice_Lakes.jpg,Waterfalls and lakes,0.17365823686122894
5773187_Kremlin_Moscow.jpg,Moscow Kremlin,0.2560442388057709
4453628_Cappadocia.jpg,Cappadocia balloons,0.2912493348121643
6557364_Machu_Picchu.jpg,Waterfalls and lakes,0.21203380823135376
2782145_The_Eiffel_Tower.jpg,Tall towers/skyscrapers,0.18039771914482117
8424565_Plitvice_Lakes.jpg,Waterfalls and lakes,0.15750518441200256
2981030_Cappadocia.jpg,Cappadocia balloons,0.25694435834884644
3649133_Cappadocia.jpg,Cappadocia balloons,0.2906731963157654
4709275_Kremlin_Moscow.jpg,Moscow Kremlin,0.2358459234237671
6480983_Zhangye_Danxia_Colorful_Rocks.jpg,Ancient ruins,0.15855546295642853
4416170_Niagara_Falls.jpg,Waterfalls and lakes,0.2236323356628418
2525204_st_petersburg_hermitage.jpg,Moscow Kremlin,0.18356117606163025
1037089_Grand_Canyon.jpg,Waterfalls and lakes,0.17800764739513397
5197889_st_petersburg_hermitage.jpg,Waterfalls and lakes,0.16564731299877167
5065818_Niagara_Falls.jpg,Waterfalls and lakes,0.21679815649986267
3775187_The_Eiffel_Tower.jpg,Tall towers/skyscrapers,0.17219266295433044
2112903_Grand_Canyon.jpg,Waterfalls and lakes,0.1640978753566742
2354207_Cappadocia.jpg,Cappadocia balloons,0.19003500044345856
5222111_Kremlin_Moscow.jpg,Moscow Kremlin,0.15369124710559845
568003_Pyramids_of_Giza.jpg,Ancient pyramids,0.212073415517807
4922315_Burj_Khalifa.jpg,Tall towers/skyscrapers,0.1986767053604126
4064263_st_petersburg_hermitage.jpg,Moscow Kremlin,0.16210560500621796
3782172_The_Eiffel_Tower.jpg,Tall towers/skyscrapers,0.16308066248893738
1661035_Grand_Canyon.jpg,Waterfalls and lakes,0.1802254170179367
738106_The_Eiffel_Tower.jpg,Tall towers/skyscrapers,0.18051408231258392
5213085_Kremlin_Moscow.jpg,Moscow Kremlin,0.26471108198165894
1029502_Kremlin_Moscow.jpg,Moscow Kremlin,0.17453835904598236
8094337_Cappadocia.jpg,Cappadocia balloons,0.2890532612800598
7786007_Coliseum.jpg,Ancient ruins,0.20182815194129944
4957302_Kremlin_Moscow.jpg,Moscow Kremlin,0.26998183131217957
4855250_Tianzi_Mountains.jpg,Colorful mountains,0.19477909803390503
122038_st_petersburg_hermitage.jpg,Moscow Kremlin,0.23347294330596924
4098866_st_petersburg_hermitage.jpg,Moscow Kremlin,0.21245726943016052
1052653_Cappadocia.jpg,Cappadocia balloons,0.28556475043296814
2090163_Grand_Canyon.jpg,Colorful mountains,0.19696152210235596
2861719_Kremlin_Moscow.jpg,Moscow Kremlin,0.24519017338752747
7568980_Tianzi_Mountains.jpg,Pillar mountains,0.15499186515808105
5453671_Burj_Khalifa.jpg,Tall towers/skyscrapers,0.17262214422225952
5004905_Tianzi_Mountains.jpg,Colorful mountains,0.1934189349412918
2264067_Niagara_Falls.jpg,Waterfalls and lakes,0.2244199812412262
6224903_Pyramids_of_Giza.jpg,Ancient pyramids,0.23757030069828033
805628_Cappadocia.jpg,Cappadocia balloons,0.2816365361213684
3327428_Pyramids_of_Giza.jpg,Ancient ruins,0.20185181498527527
7377942_Plitvice_Lakes.jpg,Waterfalls and lakes,0.1522323489189148
7246920_Coliseum.jpg,Ancient ruins,0.17848782241344452
1835516_The_Eiffel_Tower.jpg,Ancient pyramids,0.15695512294769287
4789495_st_petersburg_hermitage.jpg,Moscow Kremlin,0.22748608887195587
3396695_st_petersburg_hermitage.jpg,Moscow Kremlin,0.2145502120256424
55118_Niagara_Falls.jpg,Waterfalls and lakes,0.1829531341791153
1119107_Grand_Canyon.jpg,Colorful mountains,0.19288602471351624
638238_st_petersburg_hermitage.jpg,Moscow Kremlin,0.14523065090179443
9015082_Cappadocia.jpg,Cappadocia balloons,0.2595738172531128
5274597_Coliseum.jpg,Ancient ruins,0.20657463371753693
8795525_Zhangye_Danxia_Colorful_Rocks.jpg,Waterfalls and lakes,0.12353978306055069
2375097_The_Eiffel_Tower.jpg,Tall towers/skyscrapers,0.17324140667915344
315808_Coliseum.jpg,Ancient ruins,0.20259064435958862
190801_Plitvice_Lakes.jpg,Waterfalls and lakes,0.21606124937534332
4575026_Plitvice_Lakes.jpg,Waterfalls and lakes,0.2338530421257019
7544316_Niagara_Falls.jpg,Colorful mountains,0.18507620692253113
4051413_Zhangye_Danxia_Colorful_Rocks.jpg,Colorful mountains,0.1822025179862976
2608425_Plitvice_Lakes.jpg,Colorful mountains,0.20124197006225586
3649131_Cappadocia.jpg,Cappadocia balloons,0.28533807396888733
738103_The_Eiffel_Tower.jpg,Tall towers/skyscrapers,0.1663597673177719
7170448_Plitvice_Lakes.jpg,Waterfalls and lakes,0.2151568979024887
6779303_Niagara_Falls.jpg,Ancient ruins,0.15737587213516235
190799_Plitvice_Lakes.jpg,Waterfalls and lakes,0.20692548155784607
4072975_st_petersburg_hermitage.jpg,Moscow Kremlin,0.1874464750289917
4598108_Burj_Khalifa.jpg,Tall towers/skyscrapers,0.1851290911436081
8250477_Kremlin_Moscow.jpg,Moscow Kremlin,0.2188470959663391
5678143_Zhangye_Danxia_Colorful_Rocks.jpg,Colorful mountains,0.22163140773773193
4357098_Coliseum.jpg,Ancient ruins,0.1908002346754074
768333_Tianzi_Mountains.jpg,Pillar mountains,0.18411675095558167
4564002_Cappadocia.jpg,Cappadocia balloons,0.2929866909980774
3775182_The_Eiffel_Tower.jpg,Tall towers/skyscrapers,0.16803878545761108
4567754_Machu_Picchu.jpg,Ancient pyramids,0.18278133869171143
7459840_Pyramids_of_Giza.jpg,Ancient pyramids,0.2609579563140869
114322_Pyramids_of_Giza.jpg,Ancient pyramids,0.20194758474826813
3159489_Kremlin_Moscow.jpg,Moscow Kremlin,0.2451188713312149
765498_Cappadocia.jpg,Cappadocia balloons,0.30180251598358154
84669_Niagara_Falls.jpg,Waterfalls and lakes,0.2165338695049286
114323_The_Eiffel_Tower.jpg,Waterfalls and lakes,0.1557815968990326
2835688_Grand_Canyon.jpg,Colorful mountains,0.1891888976097107
1911541_Machu_Picchu.jpg,Ancient pyramids,0.17463752627372742
4430066_Pyramids_of_Giza.jpg,Ancient pyramids,0.20361222326755524
939606_Plitvice_Lakes.jpg,Waterfalls and lakes,0.22801600396633148
2386197_Coliseum.jpg,Ancient ruins,0.20722165703773499
1175823_Pyramids_of_Giza.jpg,Ancient pyramids,0.19416087865829468
3794605_st_petersburg_hermitage.jpg,Ancient pyramids,0.1568010449409485
9347171_Cappadocia.jpg,Pillar mountains,0.19644251465797424
4613735_Tianzi_Mountains.jpg,Waterfalls and lakes,0.21418771147727966
143714_st_petersburg_hermitage.jpg,Moscow Kremlin,0.17895467579364777
2813981_Coliseum.jpg,Ancient ruins,0.20163440704345703
16877_Niagara_Falls.jpg,Waterfalls and lakes,0.2212703824043274
714932_The_Eiffel_Tower.jpg,Ancient pyramids,0.16602753102779388
66713_Zhangye_Danxia_Colorful_Rocks.jpg,Ancient ruins,0.17387446761131287
4805295_st_petersburg_hermitage.jpg,Colorful mountains,0.16594907641410828
3937167_Kremlin_Moscow.jpg,Moscow Kremlin,0.26563242077827454
5890874_Plitvice_Lakes.jpg,Waterfalls and lakes,0.1845875233411789
4763145_Pyramids_of_Giza.jpg,Colorful mountains,0.1631067842245102
5060754_Plitvice_Lakes.jpg,Waterfalls and lakes,0.21925823390483856
3456784_Coliseum.jpg,Ancient ruins,0.20473407208919525
5295131_Burj_Khalifa.jpg,Tall towers/skyscrapers,0.1967216432094574
1154532_Burj_Khalifa.jpg,Ancient pyramids,0.16173695027828217
2125148_Tianzi_Mountains.jpg,Colorful mountains,0.16287443041801453
2179250_Tianzi_Mountains.jpg,Colorful mountains,0.1923481673002243
5115599_Machu_Picchu.jpg,Colorful mountains,0.1983087658882141
2238_Niagara_Falls.jpg,Waterfalls and lakes,0.23187729716300964
7217176_Cappadocia.jpg,Cappadocia balloons,0.290941059589386
4194196_Pyramids_of_Giza.jpg,Ancient pyramids,0.24991990625858307
8483401_Niagara_Falls.jpg,Waterfalls and lakes,0.13427866995334625
9266131_Zhangye_Danxia_Colorful_Rocks.jpg,Colorful mountains,0.19795121252536774
3343460_Pyramids_of_Giza.jpg,Ancient pyramids,0.23189832270145416
3937157_Kremlin_Moscow.jpg,Moscow Kremlin,0.25842830538749695
4686879_Niagara_Falls.jpg,Colorful mountains,0.1794147938489914
1162773_Coliseum.jpg,Ancient ruins,0.2026372104883194
1272680_Plitvice_Lakes.jpg,Waterfalls and lakes,0.22419743239879608
5538015_Tianzi_Mountains.jpg,Colorful mountains,0.20728516578674316
5821606_Kremlin_Moscow.jpg,Moscow Kremlin,0.2656216025352478
601759_Coliseum.jpg,Ancient ruins,0.18270544707775116
3736108_Coliseum.jpg,Ancient ruins,0.2081768661737442
1289495_Niagara_Falls.jpg,Waterfalls and lakes,0.22227926552295685
5178366_Kremlin_Moscow.jpg,Moscow Kremlin,0.19605723023414612
9223041_Zhangye_Danxia_Colorful_Rocks.jpg,Colorful mountains,0.192856103181839
5642319_Cappadocia.jpg,Cappadocia balloons,0.2781900465488434
9666581_Plitvice_Lakes.jpg,Waterfalls and lakes,0.18396708369255066
4591440_Cappadocia.jpg,Cappadocia balloons,0.21395975351333618
329246_Niagara_Falls.jpg,Waterfalls and lakes,0.21610978245735168
6210072_Pyramids_of_Giza.jpg,Ancient pyramids,0.2154400497674942
9817865_Tianzi_Mountains.jpg,Ancient ruins,0.16310304403305054
2186816_Niagara_Falls.jpg,Waterfalls and lakes,0.2195095270872116
410133_Tianzi_Mountains.jpg,Waterfalls and lakes,0.1866184026002884
4798229_Coliseum.jpg,Ancient ruins,0.18293768167495728
3112487_Cappadocia.jpg,Cappadocia balloons,0.22976785898208618
6009831_Cappadocia.jpg,Cappadocia balloons,0.23764075338840485
983595_The_Eiffel_Tower.jpg,Tall towers/skyscrapers,0.1711234301328659
5669423_Tianzi_Mountains.jpg,Colorful mountains,0.1798783242702484
3151686_Niagara_Falls.jpg,Waterfalls and lakes,0.1844620257616043
2471344_Machu_Picchu.jpg,Ancient pyramids,0.1880946308374405
584558_Coliseum.jpg,Ancient ruins,0.20112663507461548
362966_Grand_Canyon.jpg,Waterfalls and lakes,0.16725589334964752
8811206_Zhangye_Danxia_Colorful_Rocks.jpg,Pillar mountains,0.20978805422782898
5527512_Grand_Canyon.jpg,Colorful mountains,0.17655102908611298
9881953_Niagara_Falls.jpg,Pillar mountains,0.17285174131393433
4069059_Kremlin_Moscow.jpg,Moscow Kremlin,0.24386540055274963
6844982_Tianzi_Mountains.jpg,Pillar mountains,0.1879223734140396
3641252_Cappadocia.jpg,Cappadocia balloons,0.30477815866470337
7224478_Tianzi_Mountains.jpg,Pillar mountains,0.21983155608177185
173469_Coliseum.jpg,Ancient ruins,0.2154727429151535
3183970_Grand_Canyon.jpg,Waterfalls and lakes,0.1784501075744629
3766342_Machu_Picchu.jpg,Ancient pyramids,0.17768751084804535
3678_Grand_Canyon.jpg,Waterfalls and lakes,0.17240534722805023
4255745_The_Eiffel_Tower.jpg,Tall towers/skyscrapers,0.14087244868278503
6902549_st_petersburg_hermitage.jpg,Moscow Kremlin,0.20955733954906464
1175829_Pyramids_of_Giza.jpg,Ancient pyramids,0.23684582114219666
4916595_Pyramids_of_Giza.jpg,Ancient ruins,0.1832505315542221
4142727_Zhangye_Danxia_Colorful_Rocks.jpg,Ancient pyramids,0.11092594265937805
7428729_Zhangye_Danxia_Colorful_Rocks.jpg,Ancient pyramids,0.15490418672561646
2444040_Zhangye_Danxia_Colorful_Rocks.jpg,Waterfalls and lakes,0.16264933347702026
4959998_Burj_Khalifa.jpg,Waterfalls and lakes,0.16125079989433289
1808780_Pyramids_of_Giza.jpg,Ancient pyramids,0.24059738218784332
3314275_Tianzi_Mountains.jpg,Colorful mountains,0.2000548094511032
1037127_Grand_Canyon.jpg,Colorful mountains,0.16931554675102234
1839616_Pyramids_of_Giza.jpg,Ancient pyramids,0.24804428219795227
6571898_Kremlin_Moscow.jpg,Moscow Kremlin,0.2004125416278839
3714288_st_petersburg_hermitage.jpg,Moscow Kremlin,0.19154946506023407
2355352_Burj_Khalifa.jpg,Tall towers/skyscrapers,0.13676388561725616
9215914_Zhangye_Danxia_Colorful_Rocks.jpg,Colorful mountains,0.20001915097236633
881060_st_petersburg_hermitage.jpg,Moscow Kremlin,0.17600610852241516
1014712_Plitvice_Lakes.jpg,Colorful mountains,0.15416158735752106
2792086_Coliseum.jpg,Ancient ruins,0.16871705651283264
2615565_Coliseum.jpg,Ancient ruins,0.18203508853912354
3244930_Cappadocia.jpg,Cappadocia balloons,0.3015729784965515
3372776_The_Eiffel_Tower.jpg,Ancient pyramids,0.16906890273094177
6571895_Kremlin_Moscow.jpg,Moscow Kremlin,0.20693114399909973
43381_Machu_Picchu.jpg,Ancient pyramids,0.18883052468299866
7395181_Cappadocia.jpg,Cappadocia balloons,0.22781507670879364
4960004_Burj_Khalifa.jpg,Tall towers/skyscrapers,0.15598225593566895
8094338_Cappadocia.jpg,Cappadocia balloons,0.2938331961631775
388242_The_Eiffel_Tower.jpg,Tall towers/skyscrapers,0.17679205536842346
7246899_Coliseum.jpg,Ancient ruins,0.1801777333021164
5431661_Pyramids_of_Giza.jpg,Ancient pyramids,0.20392484962940216
5005213_Plitvice_Lakes.jpg,Waterfalls and lakes,0.22830568253993988
5722568_Zhangye_Danxia_Colorful_Rocks.jpg,Colorful mountains,0.18258079886436462
6595650_Kremlin_Moscow.jpg,Moscow Kremlin,0.2070775330066681
3324963_The_Eiffel_Tower.jpg,Tall towers/skyscrapers,0.16152043640613556
4620919_Tianzi_Mountains.jpg,Ancient ruins,0.1583883911371231
7244812_Coliseum.jpg,Ancient ruins,0.1844688057899475
203805_The_Eiffel_Tower.jpg,Ancient pyramids,0.14031289517879486
6788593_Pyramids_of_Giza.jpg,Ancient pyramids,0.15882608294487
805626_Cappadocia.jpg,Cappadocia balloons,0.2965063750743866
3753769_Pyramids_of_Giza.jpg,Ancient pyramids,0.23004892468452454
6683422_Cappadocia.jpg,Cappadocia balloons,0.23608949780464172
896401_Kremlin_Moscow.jpg,Moscow Kremlin,0.21230687201023102
243024_Grand_Canyon.jpg,Colorful mountains,0.21099384129047394
2871227_Pyramids_of_Giza.jpg,Ancient pyramids,0.21601323783397675
1839279_Grand_Canyon.jpg,Colorful mountains,0.18582431972026825
3161132_The_Eiffel_Tower.jpg,Tall towers/skyscrapers,0.1601189821958542
2680918_Grand_Canyon.jpg,Colorful mountains,0.1839902549982071
2451014_Niagara_Falls.jpg,Waterfalls and lakes,0.19117945432662964
6406047_Zhangye_Danxia_Colorful_Rocks.jpg,Waterfalls and lakes,0.17132218182086945
6815304_Tianzi_Mountains.jpg,Pillar mountains,0.19611218571662903
4967672_Tianzi_Mountains.jpg,Waterfalls and lakes,0.18456551432609558
4011964_The_Eiffel_Tower.jpg,Tall towers/skyscrapers,0.1549215167760849
2292099_The_Eiffel_Tower.jpg,Ancient pyramids,0.18160048127174377
5675077_The_Eiffel_Tower.jpg,Ancient pyramids,0.15563377737998962
2825614_Kremlin_Moscow.jpg,Moscow Kremlin,0.177349254488945
4564002_Zhangye_Danxia_Colorful_Rocks.jpg,Cappadocia balloons,0.2929866909980774
5391085_st_petersburg_hermitage.jpg,Moscow Kremlin,0.2226804792881012
4920636_Machu_Picchu.jpg,Pillar mountains,0.21862757205963135
4259511_Niagara_Falls.jpg,Waterfalls and lakes,0.22805911302566528
566865_The_Eiffel_Tower.jpg,Ancient ruins,0.14090463519096375
4926554_Burj_Khalifa.jpg,Tall towers/skyscrapers,0.18102410435676575
3764012_The_Eiffel_Tower.jpg,Tall towers/skyscrapers,0.17131055891513824
1029531_Kremlin_Moscow.jpg,Moscow Kremlin,0.19357192516326904
7486268_Tianzi_Mountains.jpg,Pillar mountains,0.15384145081043243
43385_Machu_Picchu.jpg,Ancient pyramids,0.1920706331729889
3617064_Kremlin_Moscow.jpg,Moscow Kremlin,0.23100849986076355
2702778_Machu_Picchu.jpg,Ancient ruins,0.18338418006896973
2858574_Kremlin_Moscow.jpg,Waterfalls and lakes,0.17738300561904907
4796260_Pyramids_of_Giza.jpg,Ancient pyramids,0.23910675942897797
1698146_The_Eiffel_Tower.jpg,Tall towers/skyscrapers,0.1566121131181717
3393467_st_petersburg_hermitage.jpg,Moscow Kremlin,0.19737279415130615
2354209_Cappadocia.jpg,Cappadocia balloons,0.21799910068511963
6587129_Plitvice_Lakes.jpg,Waterfalls and lakes,0.17555555701255798
2346038_st_petersburg_hermitage.jpg,Moscow Kremlin,0.2282341718673706
4478955_Pyramids_of_Giza.jpg,Ancient pyramids,0.2537935674190521
2656543_Plitvice_Lakes.jpg,Waterfalls and lakes,0.2106817364692688
1322880_Coliseum.jpg,Ancient ruins,0.2056722193956375
1956139_Grand_Canyon.jpg,Colorful mountains,0.20510202646255493
55119_Niagara_Falls.jpg,Waterfalls and lakes,0.23100543022155762
5028614_Grand_Canyon.jpg,Colorful mountains,0.18231216073036194
2354214_Cappadocia.jpg,Cappadocia balloons,0.1998593658208847
2098134_Zhangye_Danxia_Colorful_Rocks.jpg,Ancient ruins,0.15702742338180542
4790116_Tianzi_Mountains.jpg,Waterfalls and lakes,0.20421460270881653
3929807_Zhangye_Danxia_Colorful_Rocks.jpg,Ancient ruins,0.16635066270828247
8357182_Plitvice_Lakes.jpg,Waterfalls and lakes,0.173979252576828
4627147_The_Eiffel_Tower.jpg,Ancient pyramids,0.15107253193855286
498375_The_Eiffel_Tower.jpg,Ancient pyramids,0.14603175222873688
6356782_Tianzi_Mountains.jpg,Colorful mountains,0.21813812851905823
7501073_Niagara_Falls.jpg,Moscow Kremlin,0.14636419713497162
3937159_Kremlin_Moscow.jpg,Moscow Kremlin,0.24031703174114227
5056788_Tianzi_Mountains.jpg,Colorful mountains,0.1758752465248108
1868299_Tianzi_Mountains.jpg,Colorful mountains,0.1774020493030548
2203672_Grand_Canyon.jpg,Colorful mountains,0.18330992758274078
1322895_Coliseum.jpg,Ancient ruins,0.2004491090774536
4261035_Pyramids_of_Giza.jpg,Ancient ruins,0.2028864324092865
9196732_Niagara_Falls.jpg,Colorful mountains,0.184441477060318
4968694_Coliseum.jpg,Ancient ruins,0.19881227612495422
8366033_The_Eiffel_Tower.jpg,Colorful mountains,0.17586597800254822
4886378_Pyramids_of_Giza.jpg,Ancient pyramids,0.24838945269584656
1641547_Grand_Canyon.jpg,Colorful mountains,0.1814781129360199
73683_Cappadocia.jpg,Cappadocia balloons,0.2417808324098587
2824716_Grand_Canyon.jpg,Waterfalls and lakes,0.17330431938171387
1663073_Niagara_Falls.jpg,Waterfalls and lakes,0.16941393911838531
6600486_The_Eiffel_Tower.jpg,Tall towers/skyscrapers,0.1765427440404892
2800128_Coliseum.jpg,Ancient ruins,0.19130060076713562
5283754_The_Eiffel_Tower.jpg,Tall towers/skyscrapers,0.17985528707504272
4867418_Machu_Picchu.jpg,Ancient ruins,0.1458134800195694
4968693_Coliseum.jpg,Ancient ruins,0.19530880451202393
2152357_Kremlin_Moscow.jpg,Moscow Kremlin,0.21317355334758759
706438_st_petersburg_hermitage.jpg,Moscow Kremlin,0.16325056552886963
2906526_The_Eiffel_Tower.jpg,Ancient pyramids,0.17848005890846252
6751359_Zhangye_Danxia_Colorful_Rocks.jpg,Colorful mountains,0.1771067976951599
3013297_Plitvice_Lakes.jpg,Waterfalls and lakes,0.17542441189289093
6557365_Machu_Picchu.jpg,Pillar mountains,0.2282823771238327
1035621_Grand_Canyon.jpg,Waterfalls and lakes,0.1932714879512787
778181_Kremlin_Moscow.jpg,Moscow Kremlin,0.28655117750167847
4564003_Cappadocia.jpg,Cappadocia balloons,0.2725093960762024
9643430_Tianzi_Mountains.jpg,Pillar mountains,0.19817742705345154
1556564_Kremlin_Moscow.jpg,Moscow Kremlin,0.23284228146076202
8250479_Kremlin_Moscow.jpg,Moscow Kremlin,0.22664488852024078
2262728_Pyramids_of_Giza.jpg,Ancient pyramids,0.23315444588661194
4774207_Tianzi_Mountains.jpg,Waterfalls and lakes,0.21645958721637726
5197890_st_petersburg_hermitage.jpg,Waterfalls and lakes,0.1613902598619461
55643_Grand_Canyon.jpg,Waterfalls and lakes,0.17982874810695648
786412_Machu_Picchu.jpg,Colorful mountains,0.21375280618667603
1037128_Grand_Canyon.jpg,Colorful mountains,0.17411422729492188
4818124_Machu_Picchu.jpg,Pillar mountains,0.16647794842720032
1060231_Pyramids_of_Giza.jpg,Ancient pyramids,0.19846944510936737
4549396_Zhangye_Danxia_Colorful_Rocks.jpg,Colorful mountains,0.2034328579902649
66711_Zhangye_Danxia_Colorful_Rocks.jpg,Ancient ruins,0.17340336740016937
9871057_Plitvice_Lakes.jpg,Waterfalls and lakes,0.18697848916053772
1029653_Kremlin_Moscow.jpg,Moscow Kremlin,0.20451734960079193
3750836_Niagara_Falls.jpg,Waterfalls and lakes,0.2313181310892105
6649913_Kremlin_Moscow.jpg,Moscow Kremlin,0.23698414862155914
5812488_Tianzi_Mountains.jpg,Colorful mountains,0.16877040266990662
5210482_The_Eiffel_Tower.jpg,Tall towers/skyscrapers,0.17459158599376678
7246910_Coliseum.jpg,Ancient ruins,0.18087534606456757
6615932_The_Eiffel_Tower.jpg,Ancient pyramids,0.17671442031860352
1867005_Grand_Canyon.jpg,Waterfalls and lakes,0.19038084149360657
3677_Grand_Canyon.jpg,Colorful mountains,0.1719111204147339
4600456_The_Eiffel_Tower.jpg,Ancient pyramids,0.1650254726409912
8618870_Plitvice_Lakes.jpg,Waterfalls and lakes,0.1542830467224121
3970951_The_Eiffel_Tower.jpg,Colorful mountains,0.17447766661643982
9307295_Tianzi_Mountains.jpg,Colorful mountains,0.1899586170911789
9456871_Plitvice_Lakes.jpg,Waterfalls and lakes,0.17164602875709534
3937169_Kremlin_Moscow.jpg,Moscow Kremlin,0.24268373847007751
5038425_Pyramids_of_Giza.jpg,Ancient pyramids,0.23466509580612183
5287334_Kremlin_Moscow.jpg,Moscow Kremlin,0.24862046539783478
4821514_st_petersburg_hermitage.jpg,Moscow Kremlin,0.19348323345184326
765499_Cappadocia.jpg,Cappadocia balloons,0.2285076081752777
1555584_Zhangye_Danxia_Colorful_Rocks.jpg,Colorful mountains,0.13625460863113403
4878341_The_Eiffel_Tower.jpg,Ancient pyramids,0.15641476213932037
8235458_Plitvice_Lakes.jpg,Waterfalls and lakes,0.17175307869911194
8438063_Plitvice_Lakes.jpg,Waterfalls and lakes,0.19384591281414032
194212_Niagara_Falls.jpg,Waterfalls and lakes,0.22695954144001007
1035587_Grand_Canyon.jpg,Colorful mountains,0.1912761777639389
829118_The_Eiffel_Tower.jpg,Ancient ruins,0.14473415911197662
4758710_Pyramids_of_Giza.jpg,Ancient pyramids,0.22808247804641724
3653889_Burj_Khalifa.jpg,Tall towers/skyscrapers,0.15585294365882874
1120940_Coliseum.jpg,Ancient ruins,0.2007497102022171
9883659_Tianzi_Mountains.jpg,Pillar mountains,0.21631382405757904
1035466_Grand_Canyon.jpg,Waterfalls and lakes,0.19520783424377441
3368410_Machu_Picchu.jpg,Ancient pyramids,0.19043771922588348
7294456_Plitvice_Lakes.jpg,Waterfalls and lakes,0.1890828013420105
8153221_Plitvice_Lakes.jpg,Colorful mountains,0.18252527713775635
4261046_Pyramids_of_Giza.jpg,Ancient ruins,0.17716337740421295
4922311_Burj_Khalifa.jpg,Tall towers/skyscrapers,0.19331783056259155
245289_The_Eiffel_Tower.jpg,Ancient pyramids,0.15907776355743408
1322731_Zhangye_Danxia_Colorful_Rocks.jpg,Ancient ruins,0.1749669313430786
1323280_Coliseum.jpg,Ancient pyramids,0.17070549726486206
440520_Tianzi_Mountains.jpg,Colorful mountains,0.2100132256746292
6827881_Tianzi_Mountains.jpg,Colorful mountains,0.19158589839935303
2650364_Burj_Khalifa.jpg,Waterfalls and lakes,0.1657729595899582
4260754_Burj_Khalifa.jpg,Tall towers/skyscrapers,0.1586330682039261
2976644_Cappadocia.jpg,Cappadocia balloons,0.2955425977706909
1272665_Plitvice_Lakes.jpg,Waterfalls and lakes,0.2046363651752472
5938639_Tianzi_Mountains.jpg,Colorful mountains,0.22672823071479797
2773629_Machu_Picchu.jpg,Ancient ruins,0.18822713196277618
2702752_Machu_Picchu.jpg,Ancient pyramids,0.19590876996517181
216167_The_Eiffel_Tower.jpg,Ancient pyramids,0.1348157674074173
6902555_st_petersburg_hermitage.jpg,Moscow Kremlin,0.18535533547401428
43391_Machu_Picchu.jpg,Ancient ruins,0.18047325313091278
5389525_Niagara_Falls.jpg,Waterfalls and lakes,0.2185279130935669
1029688_Kremlin_Moscow.jpg,Moscow Kremlin,0.25581908226013184
6574302_Zhangye_Danxia_Colorful_Rocks.jpg,Waterfalls and lakes,0.21897488832473755
1272668_Plitvice_Lakes.jpg,Waterfalls and lakes,0.20481498539447784
2723729_Zhangye_Danxia_Colorful_Rocks.jpg,Waterfalls and lakes,0.16599026322364807
896390_Kremlin_Moscow.jpg,Moscow Kremlin,0.24645188450813293
6962142_Burj_Khalifa.jpg,Tall towers/skyscrapers,0.17083516716957092
7246872_Coliseum.jpg,Ancient ruins,0.17686405777931213
200629_Burj_Khalifa.jpg,Tall towers/skyscrapers,0.1853092759847641
5179477_Cappadocia.jpg,Cappadocia balloons,0.28537291288375854
185963_Grand_Canyon.jpg,Waterfalls and lakes,0.18303349614143372
3632318_Coliseum.jpg,Ancient ruins,0.22253432869911194
4123349_The_Eiffel_Tower.jpg,Ancient pyramids,0.16445627808570862
4581231_Plitvice_Lakes.jpg,Waterfalls and lakes,0.22716747224330902
5391083_st_petersburg_hermitage.jpg,Moscow Kremlin,0.2077256739139557
2300943_Burj_Khalifa.jpg,Tall towers/skyscrapers,0.18590673804283142
230077_Burj_Khalifa.jpg,Tall towers/skyscrapers,0.17079469561576843
4620230_Niagara_Falls.jpg,Waterfalls and lakes,0.16954433917999268
1758515_st_petersburg_hermitage.jpg,Moscow Kremlin,0.2298322468996048
7533015_Plitvice_Lakes.jpg,Waterfalls and lakes,0.1719054877758026
4318504_Kremlin_Moscow.jpg,Moscow Kremlin,0.23666732013225555
8357178_Niagara_Falls.jpg,Colorful mountains,0.2025182843208313
4620662_Kremlin_Moscow.jpg,Moscow Kremlin,0.25442004203796387
3889879_Machu_Picchu.jpg,Ancient ruins,0.153131902217865
5022018_st_petersburg_hermitage.jpg,Moscow Kremlin,0.17973701655864716
4785598_Grand_Canyon.jpg,Colorful mountains,0.18202778697013855
2093413_st_petersburg_hermitage.jpg,Moscow Kremlin,0.20742984116077423
1373794_Grand_Canyon.jpg,Cappadocia balloons,0.17293785512447357
4261045_Pyramids_of_Giza.jpg,Ancient pyramids,0.1935880482196808
2014349_Burj_Khalifa.jpg,Tall towers/skyscrapers,0.17300423979759216
3937158_Kremlin_Moscow.jpg,Moscow Kremlin,0.25548556447029114
4762769_st_petersburg_hermitage.jpg,Moscow Kremlin,0.21881158649921417
4749855_st_petersburg_hermitage.jpg,Moscow Kremlin,0.21232399344444275
1579909_Niagara_Falls.jpg,Waterfalls and lakes,0.21498146653175354
3010323_Tianzi_Mountains.jpg,Colorful mountains,0.21853332221508026
4989753_The_Eiffel_Tower.jpg,Tall towers/skyscrapers,0.16772370040416718
3653885_Burj_Khalifa.jpg,Tall towers/skyscrapers,0.15674448013305664
3605273_Zhangye_Danxia_Colorful_Rocks.jpg,Colorful mountains,0.17229294776916504
4889620_Tianzi_Mountains.jpg,Colorful mountains,0.18916437029838562
594629_Cappadocia.jpg,Cappadocia balloons,0.29799115657806396
9726477_Plitvice_Lakes.jpg,Waterfalls and lakes,0.19807827472686768
1018768_Machu_Picchu.jpg,Ancient ruins,0.20145782828330994
4008991_Niagara_Falls.jpg,Waterfalls and lakes,0.22530314326286316
2660659_Cappadocia.jpg,Cappadocia balloons,0.29162368178367615
6902540_st_petersburg_hermitage.jpg,Moscow Kremlin,0.22380933165550232
3509562_The_Eiffel_Tower.jpg,Ancient pyramids,0.15586385130882263
1839974_The_Eiffel_Tower.jpg,Ancient ruins,0.14441391825675964
939844_Burj_Khalifa.jpg,Tall towers/skyscrapers,0.15849164128303528
2386478_Kremlin_Moscow.jpg,Moscow Kremlin,0.2530232071876526
543228_Niagara_Falls.jpg,Waterfalls and lakes,0.21637536585330963
4821517_st_petersburg_hermitage.jpg,Moscow Kremlin,0.199738010764122
4936246_st_petersburg_hermitage.jpg,Moscow Kremlin,0.20281976461410522
3805689_Grand_Canyon.jpg,Colorful mountains,0.1801232099533081
3918137_Plitvice_Lakes.jpg,Colorful mountains,0.20704449713230133
53237_Grand_Canyon.jpg,Pillar mountains,0.18515607714653015
2567552_st_petersburg_hermitage.jpg,Moscow Kremlin,0.21121855080127716
5210477_The_Eiffel_Tower.jpg,Tall towers/skyscrapers,0.17737525701522827
8459057_Niagara_Falls.jpg,Ancient pyramids,0.15661732852458954
4888423_Tianzi_Mountains.jpg,Pillar mountains,0.19248560070991516
7319059_Tianzi_Mountains.jpg,Colorful mountains,0.17261619865894318
203507_Coliseum.jpg,Ancient ruins,0.20890425145626068
2178502_Tianzi_Mountains.jpg,Waterfalls and lakes,0.21200042963027954
3333792_Pyramids_of_Giza.jpg,Ancient pyramids,0.2371930032968521
3396617_st_petersburg_hermitage.jpg,Moscow Kremlin,0.2031780332326889
331026_Cappadocia.jpg,Cappadocia balloons,0.29710090160369873
5391095_st_petersburg_hermitage.jpg,Moscow Kremlin,0.2155766785144806
1057155_Pyramids_of_Giza.jpg,Ancient pyramids,0.18565654754638672
2248823_Kremlin_Moscow.jpg,Moscow Kremlin,0.214158833026886
8381528_Plitvice_Lakes.jpg,Waterfalls and lakes,0.16234993934631348
3978148_Machu_Picchu.jpg,Ancient pyramids,0.18126577138900757
4971106_Pyramids_of_Giza.jpg,Ancient pyramids,0.23945075273513794
3625627_st_petersburg_hermitage.jpg,Moscow Kremlin,0.18069560825824738
4944381_st_petersburg_hermitage.jpg,Waterfalls and lakes,0.13944090902805328
8191282_Zhangye_Danxia_Colorful_Rocks.jpg,Waterfalls and lakes,0.1238136887550354
7159870_Pyramids_of_Giza.jpg,Ancient pyramids,0.20269781351089478
7898379_Tianzi_Mountains.jpg,Waterfalls and lakes,0.160671204328537
4657122_Cappadocia.jpg,Cappadocia balloons,0.30770647525787354
4891559_Tianzi_Mountains.jpg,Ancient ruins,0.14864514768123627
596696_Coliseum.jpg,Ancient ruins,0.20335263013839722
5730515_Machu_Picchu.jpg,Ancient pyramids,0.13885191082954407
103417_The_Eiffel_Tower.jpg,Ancient pyramids,0.17804914712905884
3062076_Niagara_Falls.jpg,Waterfalls and lakes,0.19151580333709717
3794597_st_petersburg_hermitage.jpg,Moscow Kremlin,0.22582463920116425
5903352_Tianzi_Mountains.jpg,Colorful mountains,0.23287110030651093
3825974_Cappadocia.jpg,Cappadocia balloons,0.28586331009864807
2653785_Zhangye_Danxia_Colorful_Rocks.jpg,Pillar mountains,0.23075570166110992
2030631_Plitvice_Lakes.jpg,Waterfalls and lakes,0.22995898127555847
1029530_Kremlin_Moscow.jpg,Moscow Kremlin,0.15613314509391785
4561270_Cappadocia.jpg,Cappadocia balloons,0.23918874561786652
4154449_The_Eiffel_Tower.jpg,Ancient pyramids,0.16549508273601532
5767708_Pyramids_of_Giza.jpg,Ancient pyramids,0.21038833260536194
6571897_Kremlin_Moscow.jpg,Moscow Kremlin,0.19434106349945068
2825615_Kremlin_Moscow.jpg,Moscow Kremlin,0.1566847711801529
383748_Coliseum.jpg,Ancient ruins,0.2050207257270813
5800386_Tianzi_Mountains.jpg,Colorful mountains,0.19765394926071167
5453666_Burj_Khalifa.jpg,Tall towers/skyscrapers,0.1558856964111328
43382_Machu_Picchu.jpg,Ancient pyramids,0.1824720799922943
8171207_st_petersburg_hermitage.jpg,Moscow Kremlin,0.19589710235595703
2111897_Coliseum.jpg,Ancient ruins,0.19201800227165222
8235464_Plitvice_Lakes.jpg,Waterfalls and lakes,0.14499349892139435
2656542_Plitvice_Lakes.jpg,Waterfalls and lakes,0.19049111008644104
2688275_Grand_Canyon.jpg,Cappadocia balloons,0.15031848847866058
7393435_Cappadocia.jpg,Cappadocia balloons,0.2630491852760315
3203029_Zhangye_Danxia_Colorful_Rocks.jpg,Colorful mountains,0.2233654260635376
4702632_st_petersburg_hermitage.jpg,Moscow Kremlin,0.22585169970989227
2393865_Cappadocia.jpg,Cappadocia balloons,0.22937780618667603
5236313_st_petersburg_hermitage.jpg,Moscow Kremlin,0.1968359649181366
4084924_Pyramids_of_Giza.jpg,Ancient pyramids,0.23302659392356873
6808140_Plitvice_Lakes.jpg,Waterfalls and lakes,0.15503689646720886
4600455_The_Eiffel_Tower.jpg,Ancient pyramids,0.17327526211738586
3065079_Grand_Canyon.jpg,Colorful mountains,0.17447571456432343
7866915_Zhangye_Danxia_Colorful_Rocks.jpg,Ancient ruins,0.11270757019519806
4957300_Kremlin_Moscow.jpg,Moscow Kremlin,0.26488184928894043
5515324_Tianzi_Mountains.jpg,Waterfalls and lakes,0.18370644748210907
2726279_Grand_Canyon.jpg,Colorful mountains,0.19159013032913208
8487679_Tianzi_Mountains.jpg,Colorful mountains,0.2063479721546173
5825118_Kremlin_Moscow.jpg,Moscow Kremlin,0.2531222701072693
3511498_Grand_Canyon.jpg,Pillar mountains,0.17196491360664368
8344601_Tianzi_Mountains.jpg,Pillar mountains,0.19642561674118042
7390822_Tianzi_Mountains.jpg,Pillar mountains,0.1862829029560089
3089969_Pyramids_of_Giza.jpg,Ancient pyramids,0.21255037188529968
1732341_Grand_Canyon.jpg,Colorful mountains,0.17377154529094696
5314651_Zhangye_Danxia_Colorful_Rocks.jpg,Waterfalls and lakes,0.16169562935829163
3823089_Pyramids_of_Giza.jpg,Ancient pyramids,0.2332078069448471
1868280_Zhangye_Danxia_Colorful_Rocks.jpg,Ancient ruins,0.1737961322069168
2376303_Zhangye_Danxia_Colorful_Rocks.jpg,Pillar mountains,0.20352071523666382
2811005_Niagara_Falls.jpg,Waterfalls and lakes,0.21809646487236023
2372461_Zhangye_Danxia_Colorful_Rocks.jpg,Waterfalls and lakes,0.14533986151218414
4255728_The_Eiffel_Tower.jpg,Tall towers/skyscrapers,0.16488003730773926
4627144_The_Eiffel_Tower.jpg,Tall towers/skyscrapers,0.14333488047122955
4478427_Plitvice_Lakes.jpg,Colorful mountains,0.15616127848625183
1773468_Zhangye_Danxia_Colorful_Rocks.jpg,Cappadocia balloons,0.3061540126800537
3312113_Plitvice_Lakes.jpg,Waterfalls and lakes,0.17602699995040894
6395759_Tianzi_Mountains.jpg,Colorful mountains,0.20108376443386078
113525_Niagara_Falls.jpg,Waterfalls and lakes,0.22904367744922638
8853093_Pyramids_of_Giza.jpg,Tall towers/skyscrapers,0.1843242049217224
65025_Cappadocia.jpg,Cappadocia balloons,0.21180161833763123
1799675_Coliseum.jpg,Ancient ruins,0.18669424951076508
2702755_Machu_Picchu.jpg,Ancient pyramids,0.18281778693199158
4765359_Zhangye_Danxia_Colorful_Rocks.jpg,Waterfalls and lakes,0.23413054645061493
43396_Machu_Picchu.jpg,Ancient pyramids,0.21449139714241028
5453672_Burj_Khalifa.jpg,Tall towers/skyscrapers,0.15136702358722687
6468301_Cappadocia.jpg,Cappadocia balloons,0.26389145851135254
6603358_st_petersburg_hermitage.jpg,Ancient pyramids,0.13995672762393951
4689959_Niagara_Falls.jpg,Waterfalls and lakes,0.1769218146800995
1799672_Coliseum.jpg,Ancient ruins,0.17983907461166382
5391086_st_petersburg_hermitage.jpg,Moscow Kremlin,0.21946458518505096
1272669_Plitvice_Lakes.jpg,Waterfalls and lakes,0.23211072385311127
2577070_Machu_Picchu.jpg,Ancient ruins,0.19154997169971466
3835488_Machu_Picchu.jpg,Ancient pyramids,0.20261041820049286
1123531_Coliseum.jpg,Ancient ruins,0.19815517961978912
5556322_Machu_Picchu.jpg,Ancient ruins,0.180716410279274
6557362_Machu_Picchu.jpg,Waterfalls and lakes,0.22035841643810272
5946657_Grand_Canyon.jpg,Ancient ruins,0.15785402059555054
8250478_Kremlin_Moscow.jpg,Moscow Kremlin,0.22910718619823456
7598904_Niagara_Falls.jpg,Colorful mountains,0.17224085330963135
43389_Machu_Picchu.jpg,Ancient pyramids,0.1832239031791687
1852955_Tianzi_Mountains.jpg,Colorful mountains,0.2056819200515747
4491113_Niagara_Falls.jpg,Colorful mountains,0.14739997684955597
8273099_Niagara_Falls.jpg,Ancient ruins,0.1728322058916092
436441_Cappadocia.jpg,Cappadocia balloons,0.28631502389907837
7916632_Tianzi_Mountains.jpg,Colorful mountains,0.1423986703157425
4576186_Niagara_Falls.jpg,Waterfalls and lakes,0.12176195532083511
5274632_Coliseum.jpg,Ancient ruins,0.1899642050266266
3158028_Zhangye_Danxia_Colorful_Rocks.jpg,Waterfalls and lakes,0.16965989768505096
2534710_The_Eiffel_Tower.jpg,Tall towers/skyscrapers,0.17327234148979187
1768216_Coliseum.jpg,Ancient ruins,0.187979057431221
4484205_Machu_Picchu.jpg,Ancient pyramids,0.1860269159078598
5791396_Zhangye_Danxia_Colorful_Rocks.jpg,Waterfalls and lakes,0.13915041089057922
8523044_Plitvice_Lakes.jpg,Waterfalls and lakes,0.1467985063791275
3937165_Kremlin_Moscow.jpg,Moscow Kremlin,0.2344820201396942
4336564_Kremlin_Moscow.jpg,Moscow Kremlin,0.19383209943771362
7723447_Cappadocia.jpg,Cappadocia balloons,0.30055472254753113
70647_Niagara_Falls.jpg,Waterfalls and lakes,0.22345110774040222
6948246_Burj_Khalifa.jpg,Tall towers/skyscrapers,0.1619008481502533
1029652_Kremlin_Moscow.jpg,Moscow Kremlin,0.21121805906295776
2647092_Grand_Canyon.jpg,Waterfalls and lakes,0.15572865307331085
2267089_Pyramids_of_Giza.jpg,Ancient pyramids,0.23636379837989807
1046592_Pyramids_of_Giza.jpg,Ancient pyramids,0.25045040249824524
7924473_Grand_Canyon.jpg,Colorful mountains,0.17742718756198883
5262301_Plitvice_Lakes.jpg,Waterfalls and lakes,0.1946941316127777
3937168_Kremlin_Moscow.jpg,Moscow Kremlin,0.25652995705604553
205340_Niagara_Falls.jpg,Waterfalls and lakes,0.16918033361434937
1138641_Machu_Picchu.jpg,Ancient ruins,0.19438791275024414
8686902_Plitvice_Lakes.jpg,Waterfalls and lakes,0.2068747878074646
1091241_Grand_Canyon.jpg,Waterfalls and lakes,0.176205575466156
4083851_Zhangye_Danxia_Colorful_Rocks.jpg,Ancient pyramids,0.16308394074440002
7157830_Burj_Khalifa.jpg,Tall towers/skyscrapers,0.17247432470321655
1197977_Pyramids_of_Giza.jpg,Ancient pyramids,0.20648203790187836
8447138_Niagara_Falls.jpg,Waterfalls and lakes,0.2228487879037857
2110095_Grand_Canyon.jpg,Colorful mountains,0.17818042635917664
4595129_Grand_Canyon.jpg,Pillar mountains,0.16348163783550262
354079_Niagara_Falls.jpg,Waterfalls and lakes,0.16204488277435303
55114_Niagara_Falls.jpg,Waterfalls and lakes,0.15054741501808167
199147_Pyramids_of_Giza.jpg,Ancient pyramids,0.21535703539848328
4575027_Plitvice_Lakes.jpg,Waterfalls and lakes,0.2404485046863556
4796249_Pyramids_of_Giza.jpg,Ancient pyramids,0.2514106035232544
1323040_Coliseum.jpg,Waterfalls and lakes,0.14106051623821259
5265241_Grand_Canyon.jpg,Colorful mountains,0.19055289030075073
5603352_Zhangye_Danxia_Colorful_Rocks.jpg,Waterfalls and lakes,0.15921102464199066
8278516_Tianzi_Mountains.jpg,Pillar mountains,0.17988578975200653
8392560_Zhangye_Danxia_Colorful_Rocks.jpg,Colorful mountains,0.1512553095817566
6599294_Grand_Canyon.jpg,Waterfalls and lakes,0.1836540848016739
8394211_Niagara_Falls.jpg,Waterfalls and lakes,0.17758572101593018
436440_Cappadocia.jpg,Cappadocia balloons,0.2789475917816162
4524343_st_petersburg_hermitage.jpg,Ancient pyramids,0.13499486446380615
1744574_The_Eiffel_Tower.jpg,Tall towers/skyscrapers,0.1654001623392105
833326_Tianzi_Mountains.jpg,Colorful mountains,0.22947657108306885
3794910_st_petersburg_hermitage.jpg,Moscow Kremlin,0.26854997873306274
7404192_Zhangye_Danxia_Colorful_Rocks.jpg,Ancient ruins,0.1765831708908081
2582298_Kremlin_Moscow.jpg,Moscow Kremlin,0.26373201608657837
1773447_Niagara_Falls.jpg,Ancient ruins,0.10677648335695267
4255746_The_Eiffel_Tower.jpg,Ancient pyramids,0.14755547046661377
6557366_Machu_Picchu.jpg,Waterfalls and lakes,0.21795964241027832
975180_st_petersburg_hermitage.jpg,Moscow Kremlin,0.1567208170890808
4567753_Machu_Picchu.jpg,Ancient pyramids,0.17804741859436035
7246970_Coliseum.jpg,Ancient ruins,0.181411474943161
9048436_Niagara_Falls.jpg,Ancient ruins,0.16269052028656006
100489_st_petersburg_hermitage.jpg,Moscow Kremlin,0.1880955994129181
7294575_The_Eiffel_Tower.jpg,Tall towers/skyscrapers,0.1665971577167511
7779618_Plitvice_Lakes.jpg,Waterfalls and lakes,0.18558716773986816
9698815_Zhangye_Danxia_Colorful_Rocks.jpg,Waterfalls and lakes,0.21319344639778137
4561263_Cappadocia.jpg,Cappadocia balloons,0.22542916238307953
583172_Tianzi_Mountains.jpg,Waterfalls and lakes,0.17769862711429596
6692712_Tianzi_Mountains.jpg,Colorful mountains,0.1765172779560089
418125_Niagara_Falls.jpg,Waterfalls and lakes,0.23037540912628174
3775178_The_Eiffel_Tower.jpg,Tall towers/skyscrapers,0.16289949417114258
4821522_st_petersburg_hermitage.jpg,Tall towers/skyscrapers,0.15538457036018372
67217_The_Eiffel_Tower.jpg,Ancient pyramids,0.1542956680059433
1839604_Tianzi_Mountains.jpg,Colorful mountains,0.15916019678115845
1578127_Tianzi_Mountains.jpg,Colorful mountains,0.1457313895225525
2789943_The_Eiffel_Tower.jpg,Ancient pyramids,0.1681455671787262
7355432_Plitvice_Lakes.jpg,Waterfalls and lakes,0.16292640566825867
1459676_Niagara_Falls.jpg,Waterfalls and lakes,0.2168538123369217
7393433_Cappadocia.jpg,Cappadocia balloons,0.2521497309207916
5431662_Pyramids_of_Giza.jpg,Ancient pyramids,0.1997896432876587
2647096_Grand_Canyon.jpg,Waterfalls and lakes,0.16099809110164642
1303617_Zhangye_Danxia_Colorful_Rocks.jpg,Colorful mountains,0.16855576634407043
4825365_The_Eiffel_Tower.jpg,Tall towers/skyscrapers,0.17993317544460297
4762775_st_petersburg_hermitage.jpg,Moscow Kremlin,0.20055043697357178
6771881_Cappadocia.jpg,Cappadocia balloons,0.3015137314796448
7398655_Zhangye_Danxia_Colorful_Rocks.jpg,Pillar mountains,0.17611828446388245
7523764_Coliseum.jpg,Ancient ruins,0.1639847457408905
2297204_Plitvice_Lakes.jpg,Colorful mountains,0.24028544127941132
6694459_Cappadocia.jpg,Cappadocia balloons,0.2711465358734131
3757677_Zhangye_Danxia_Colorful_Rocks.jpg,Pillar mountains,0.16857722401618958
2613935_The_Eiffel_Tower.jpg,Ancient pyramids,0.1807338297367096
5274951_Plitvice_Lakes.jpg,Waterfalls and lakes,0.23940551280975342
1048231_The_Eiffel_Tower.jpg,Ancient pyramids,0.17123441398143768
7246930_Coliseum.jpg,Ancient ruins,0.17443963885307312
1868381_The_Eiffel_Tower.jpg,Tall towers/skyscrapers,0.16668318212032318
4690430_Machu_Picchu.jpg,Ancient ruins,0.14292693138122559
3333333_Kremlin_Moscow.jpg,Moscow Kremlin,0.25761792063713074
3077928_Zhangye_Danxia_Colorful_Rocks.jpg,Cappadocia balloons,0.16797295212745667
3280067_Kremlin_Moscow.jpg,Moscow Kremlin,0.26774629950523376
532857_Tianzi_Mountains.jpg,Pillar mountains,0.24861159920692444
3805686_Grand_Canyon.jpg,Colorful mountains,0.17406661808490753
2218336_Pyramids_of_Giza.jpg,Ancient pyramids,0.208918496966362
5077128_Kremlin_Moscow.jpg,Moscow Kremlin,0.19281981885433197
5448835_Coliseum.jpg,Ancient ruins,0.18918736279010773
896368_st_petersburg_hermitage.jpg,Moscow Kremlin,0.2664760947227478
4957303_Kremlin_Moscow.jpg,Moscow Kremlin,0.26921722292900085
1083745_Grand_Canyon.jpg,Colorful mountains,0.1829717755317688
4159857_Pyramids_of_Giza.jpg,Ancient pyramids,0.25255540013313293
3456781_Coliseum.jpg,Ancient ruins,0.18546529114246368
2568194_Grand_Canyon.jpg,Colorful mountains,0.2096620798110962
2835690_Grand_Canyon.jpg,Waterfalls and lakes,0.18328040838241577
1018767_Machu_Picchu.jpg,Ancient pyramids,0.16361086070537567
192989_Zhangye_Danxia_Colorful_Rocks.jpg,Pillar mountains,0.1607312113046646
4293845_Pyramids_of_Giza.jpg,Ancient pyramids,0.21209579706192017
1773479_Cappadocia.jpg,Ancient ruins,0.18057385087013245
4466290_Plitvice_Lakes.jpg,Waterfalls and lakes,0.15499186515808105
8047871_Machu_Picchu.jpg,Ancient pyramids,0.1920318454504013
2090164_Grand_Canyon.jpg,Colorful mountains,0.18541039526462555
63536_Grand_Canyon.jpg,Waterfalls and lakes,0.17863766849040985
43392_Machu_Picchu.jpg,Ancient ruins,0.1953367292881012
9070079_Niagara_Falls.jpg,Cappadocia balloons,0.21540173888206482
2030648_Coliseum.jpg,Ancient pyramids,0.16724339127540588
1113262_Burj_Khalifa.jpg,Tall towers/skyscrapers,0.17021426558494568
6603357_st_petersburg_hermitage.jpg,Moscow Kremlin,0.14532442390918732
896392_Kremlin_Moscow.jpg,Moscow Kremlin,0.21407654881477356
4960856_Pyramids_of_Giza.jpg,Ancient pyramids,0.1609330028295517
4452972_Pyramids_of_Giza.jpg,Ancient pyramids,0.18965588510036469
7499755_Grand_Canyon.jpg,Colorful mountains,0.20999449491500854
4608139_Grand_Canyon.jpg,Waterfalls and lakes,0.1716585010290146
6898695_The_Eiffel_Tower.jpg,Tall towers/skyscrapers,0.16065792739391327
5649828_Tianzi_Mountains.jpg,Colorful mountains,0.17391714453697205
9767919_Tianzi_Mountains.jpg,Pillar mountains,0.21938639879226685
3857740_Coliseum.jpg,Ancient ruins,0.15167461335659027
1272667_Plitvice_Lakes.jpg,Waterfalls and lakes,0.2016448974609375
3418020_st_petersburg_hermitage.jpg,Moscow Kremlin,0.17431402206420898
706422_st_petersburg_hermitage.jpg,Waterfalls and lakes,0.18295519053936005
2411051_Grand_Canyon.jpg,Pillar mountains,0.15607932209968567
5270797_Zhangye_Danxia_Colorful_Rocks.jpg,Cappadocia balloons,0.296578049659729
3825975_Cappadocia.jpg,Cappadocia balloons,0.30491358041763306
2471343_Machu_Picchu.jpg,Ancient ruins,0.18151050806045532
7532064_Zhangye_Danxia_Colorful_Rocks.jpg,Colorful mountains,0.16551414132118225
7246901_Coliseum.jpg,Ancient ruins,0.18478035926818848
2292815_Burj_Khalifa.jpg,Tall towers/skyscrapers,0.18055929243564606
3907171_Cappadocia.jpg,Cappadocia balloons,0.2755016088485718
3200466_Machu_Picchu.jpg,Ancient pyramids,0.17685358226299286
9531906_Plitvice_Lakes.jpg,Colorful mountains,0.20287156105041504
60875_Zhangye_Danxia_Colorful_Rocks.jpg,Cappadocia balloons,0.1630702018737793
1235219_Coliseum.jpg,Ancient ruins,0.1942402720451355
2009870_The_Eiffel_Tower.jpg,Tall towers/skyscrapers,0.16278383135795593
7158518_The_Eiffel_Tower.jpg,Colorful mountains,0.17780528962612152
3896247_The_Eiffel_Tower.jpg,Ancient pyramids,0.13394151628017426
2366643_Coliseum.jpg,Ancient ruins,0.19678805768489838
3022908_Niagara_Falls.jpg,Pillar mountains,0.17372983694076538
5809639_Burj_Khalifa.jpg,Tall towers/skyscrapers,0.17043474316596985
1272657_Plitvice_Lakes.jpg,Waterfalls and lakes,0.20845864713191986
1853071_Niagara_Falls.jpg,Waterfalls and lakes,0.2166460007429123
1072063_Machu_Picchu.jpg,Ancient pyramids,0.18720391392707825
5190601_Niagara_Falls.jpg,Waterfalls and lakes,0.22557991743087769
594608_Machu_Picchu.jpg,Ancient pyramids,0.1907454878091812
6771879_Cappadocia.jpg,Cappadocia balloons,0.30086854100227356
4387211_Niagara_Falls.jpg,Waterfalls and lakes,0.22545906901359558
2043656_Coliseum.jpg,Ancient ruins,0.21045242249965668
5782399_Niagara_Falls.jpg,Colorful mountains,0.19509172439575195
5509986_Grand_Canyon.jpg,Colorful mountains,0.20623402297496796
6887739_Burj_Khalifa.jpg,Tall towers/skyscrapers,0.14030498266220093
3368155_st_petersburg_hermitage.jpg,Moscow Kremlin,0.17499896883964539
4332695_Kremlin_Moscow.jpg,Moscow Kremlin,0.20289844274520874
2299751_Grand_Canyon.jpg,Waterfalls and lakes,0.172379732131958
4489225_The_Eiffel_Tower.jpg,Tall towers/skyscrapers,0.1639929860830307
839647_Niagara_Falls.jpg,Waterfalls and lakes,0.2270633429288864
4626959_Niagara_Falls.jpg,Pillar mountains,0.19652652740478516
3710275_st_petersburg_hermitage.jpg,Moscow Kremlin,0.20403030514717102
4353082_The_Eiffel_Tower.jpg,Tall towers/skyscrapers,0.16470888257026672
202179_Pyramids_of_Giza.jpg,Ancient pyramids,0.1903742253780365
6288184_Niagara_Falls.jpg,Waterfalls and lakes,0.2188904732465744
8285764_Niagara_Falls.jpg,Waterfalls and lakes,0.18236780166625977
4654434_Burj_Khalifa.jpg,Tall towers/skyscrapers,0.20876359939575195
658563_Grand_Canyon.jpg,Ancient ruins,0.1611369103193283
6571899_Kremlin_Moscow.jpg,Tall towers/skyscrapers,0.2136732041835785
7393434_Cappadocia.jpg,Cappadocia balloons,0.29557764530181885
1611181_Niagara_Falls.jpg,Waterfalls and lakes,0.23363317549228668
5552588_Pyramids_of_Giza.jpg,Ancient pyramids,0.21353910863399506
1749508_Plitvice_Lakes.jpg,Colorful mountains,0.1955913007259369
3993778_Cappadocia.jpg,Cappadocia balloons,0.2501327395439148
749571_Machu_Picchu.jpg,Ancient pyramids,0.1788465529680252
4926557_Burj_Khalifa.jpg,Tall towers/skyscrapers,0.1794288456439972
5003732_The_Eiffel_Tower.jpg,Tall towers/skyscrapers,0.15317440032958984
43386_Machu_Picchu.jpg,Ancient pyramids,0.20406025648117065
8171208_st_petersburg_hermitage.jpg,Moscow Kremlin,0.20870301127433777
387277_Pyramids_of_Giza.jpg,Ancient pyramids,0.2537388801574707
8177850_Niagara_Falls.jpg,Colorful mountains,0.18881598114967346
4561271_Cappadocia.jpg,Cappadocia balloons,0.2852446138858795
3783561_The_Eiffel_Tower.jpg,Tall towers/skyscrapers,0.16688202321529388
4561264_Cappadocia.jpg,Cappadocia balloons,0.27560144662857056
5678553_Cappadocia.jpg,Cappadocia balloons,0.25065457820892334
1029550_Kremlin_Moscow.jpg,Moscow Kremlin,0.24833284318447113
7574547_Plitvice_Lakes.jpg,Waterfalls and lakes,0.19700556993484497
2423177_Pyramids_of_Giza.jpg,Pillar mountains,0.1523950845003128
6571894_Kremlin_Moscow.jpg,Moscow Kremlin,0.19908961653709412
3042751_Plitvice_Lakes.jpg,Waterfalls and lakes,0.12375146895647049
9710168_Tianzi_Mountains.jpg,Waterfalls and lakes,0.19769957661628723
4613735_Plitvice_Lakes.jpg,Waterfalls and lakes,0.21418771147727966
15903_Machu_Picchu.jpg,Colorful mountains,0.1890711486339569
3029665_Zhangye_Danxia_Colorful_Rocks.jpg,Colorful mountains,0.17424871027469635
398927_Niagara_Falls.jpg,Waterfalls and lakes,0.19719582796096802
1807524_Tianzi_Mountains.jpg,Ancient pyramids,0.13979560136795044
3326950_Pyramids_of_Giza.jpg,Ancient pyramids,0.21303261816501617
1154544_Burj_Khalifa.jpg,Tall towers/skyscrapers,0.17105849087238312
1272681_Plitvice_Lakes.jpg,Waterfalls and lakes,0.22396767139434814
6887726_Burj_Khalifa.jpg,Tall towers/skyscrapers,0.1531953066587448
3937156_Kremlin_Moscow.jpg,Moscow Kremlin,0.2574714422225952
143875_Machu_Picchu.jpg,Ancient pyramids,0.17987382411956787
6356847_Pyramids_of_Giza.jpg,Ancient pyramids,0.22608673572540283
2686137_Plitvice_Lakes.jpg,Waterfalls and lakes,0.23532146215438843
9429492_Zhangye_Danxia_Colorful_Rocks.jpg,Colorful mountains,0.2026296854019165
4818133_Machu_Picchu.jpg,Ancient ruins,0.20853236317634583
1665789_Grand_Canyon.jpg,Colorful mountains,0.18863451480865479
1029540_Kremlin_Moscow.jpg,Moscow Kremlin,0.24864600598812103
1197978_Pyramids_of_Giza.jpg,Ancient pyramids,0.1720920205116272
65023_Cappadocia.jpg,Cappadocia balloons,0.19846564531326294
3438539_st_petersburg_hermitage.jpg,Moscow Kremlin,0.1929977685213089
2846968_Pyramids_of_Giza.jpg,Ancient pyramids,0.2521798610687256
5904909_Zhangye_Danxia_Colorful_Rocks.jpg,Colorful mountains,0.19287297129631042
3007688_Machu_Picchu.jpg,Ancient pyramids,0.1745915412902832
2499773_Pyramids_of_Giza.jpg,Ancient pyramids,0.2090912163257599
2499780_Pyramids_of_Giza.jpg,Ancient pyramids,0.23443567752838135
5210274_st_petersburg_hermitage.jpg,Moscow Kremlin,0.22878196835517883
3202024_Zhangye_Danxia_Colorful_Rocks.jpg,Ancient pyramids,0.15783783793449402
3088056_Pyramids_of_Giza.jpg,Ancient pyramids,0.21514254808425903
4821518_st_petersburg_hermitage.jpg,Moscow Kremlin,0.1500472128391266
1534902_Tianzi_Mountains.jpg,Waterfalls and lakes,0.1267683357000351
7431400_Grand_Canyon.jpg,Colorful mountains,0.17967116832733154
4416700_The_Eiffel_Tower.jpg,Ancient pyramids,0.1626008152961731
1773494_Cappadocia.jpg,Cappadocia balloons,0.22112832963466644
6510643_The_Eiffel_Tower.jpg,Ancient pyramids,0.17243048548698425
1051378_Pyramids_of_Giza.jpg,Ancient pyramids,0.23145213723182678
1579911_Niagara_Falls.jpg,Waterfalls and lakes,0.2214701622724533
1175825_Pyramids_of_Giza.jpg,Ancient pyramids,0.21225450932979584
1168136_st_petersburg_hermitage.jpg,Ancient ruins,0.14764733612537384
2802123_Pyramids_of_Giza.jpg,Waterfalls and lakes,0.1595650017261505
1773461_Cappadocia.jpg,Cappadocia balloons,0.29918837547302246
1773474_Cappadocia.jpg,Cappadocia balloons,0.22554579377174377
1322922_Coliseum.jpg,Ancient pyramids,0.16107507050037384
4561273_Cappadocia.jpg,Cappadocia balloons,0.21888121962547302
4561266_Cappadocia.jpg,Cappadocia balloons,0.2979709208011627
5829625_Burj_Khalifa.jpg,Tall towers/skyscrapers,0.20955564081668854
455338_Tianzi_Mountains.jpg,Waterfalls and lakes,0.15260177850723267
8572003_Tianzi_Mountains.jpg,Waterfalls and lakes,0.18794316053390503
3794908_st_petersburg_hermitage.jpg,Moscow Kremlin,0.19569922983646393
1206435_Niagara_Falls.jpg,Waterfalls and lakes,0.22680601477622986
1733133_Pyramids_of_Giza.jpg,Ancient pyramids,0.2179621458053589
1322855_Coliseum.jpg,Ancient ruins,0.20514914393424988
1029538_Kremlin_Moscow.jpg,Ancient pyramids,0.1570398062467575
8235461_Plitvice_Lakes.jpg,Waterfalls and lakes,0.13831843435764313
3671752_Burj_Khalifa.jpg,Tall towers/skyscrapers,0.1703677475452423
3327988_Niagara_Falls.jpg,Waterfalls and lakes,0.16976258158683777
779040_Burj_Khalifa.jpg,Tall towers/skyscrapers,0.18173012137413025
6571892_Kremlin_Moscow.jpg,Moscow Kremlin,0.2058795988559723
6089353_Kremlin_Moscow.jpg,Moscow Kremlin,0.20381276309490204
3811643_Niagara_Falls.jpg,Colorful mountains,0.16627541184425354
7506246_Plitvice_Lakes.jpg,Colorful mountains,0.17631348967552185
43383_Machu_Picchu.jpg,Ancient pyramids,0.18362101912498474
7246891_Coliseum.jpg,Ancient ruins,0.17771029472351074
5453667_Burj_Khalifa.jpg,Tall towers/skyscrapers,0.17133726179599762
3889867_Machu_Picchu.jpg,Ancient pyramids,0.1956941783428192
4926552_Burj_Khalifa.jpg,Tall towers/skyscrapers,0.18210431933403015
5642328_Cappadocia.jpg,Cappadocia balloons,0.28017696738243103
293776_Grand_Canyon.jpg,Waterfalls and lakes,0.1657322347164154
1192669_Plitvice_Lakes.jpg,Waterfalls and lakes,0.19628936052322388
7981877_Tianzi_Mountains.jpg,Pillar mountains,0.1640445590019226
5269776_Plitvice_Lakes.jpg,Waterfalls and lakes,0.2022179812192917
4606942_Grand_Canyon.jpg,Waterfalls and lakes,0.18080203235149384
4965074_Machu_Picchu.jpg,Colorful mountains,0.20157067477703094
61175_Zhangye_Danxia_Colorful_Rocks.jpg,Waterfalls and lakes,0.21551044285297394
4008993_Niagara_Falls.jpg,Waterfalls and lakes,0.178049698472023
6571902_Kremlin_Moscow.jpg,Moscow Kremlin,0.21008960902690887
632905_Pyramids_of_Giza.jpg,Ancient pyramids,0.20775733888149261
2434787_Grand_Canyon.jpg,Waterfalls and lakes,0.1670619547367096
3416889_Machu_Picchu.jpg,Colorful mountains,0.19042423367500305
4840080_Zhangye_Danxia_Colorful_Rocks.jpg,Colorful mountains,0.1901756078004837
1590317_Plitvice_Lakes.jpg,Waterfalls and lakes,0.2250349223613739
523613_The_Eiffel_Tower.jpg,Ancient ruins,0.17690780758857727
3711586_st_petersburg_hermitage.jpg,Moscow Kremlin,0.22229498624801636
4974771_Zhangye_Danxia_Colorful_Rocks.jpg,Ancient ruins,0.17700976133346558
1773513_Cappadocia.jpg,Cappadocia balloons,0.21820533275604248
6482048_Kremlin_Moscow.jpg,Moscow Kremlin,0.24574440717697144
436445_Cappadocia.jpg,Cappadocia balloons,0.2782334089279175
1083248_Pyramids_of_Giza.jpg,Ancient pyramids,0.24071136116981506
5290048_Kremlin_Moscow.jpg,Moscow Kremlin,0.21187299489974976
7543217_Niagara_Falls.jpg,Colorful mountains,0.17011258006095886
3072431_Niagara_Falls.jpg,Colorful mountains,0.1686663031578064
6603359_st_petersburg_hermitage.jpg,Moscow Kremlin,0.17616558074951172
3441476_Pyramids_of_Giza.jpg,Ancient pyramids,0.1428733766078949
4967778_Grand_Canyon.jpg,Colorful mountains,0.17725498974323273
7543273_Tianzi_Mountains.jpg,Colorful mountains,0.2184344381093979
3805688_Grand_Canyon.jpg,Colorful mountains,0.20887866616249084
4796262_Pyramids_of_Giza.jpg,Ancient pyramids,0.23068083822727203
237064_Pyramids_of_Giza.jpg,Ancient pyramids,0.24241667985916138
5022023_st_petersburg_hermitage.jpg,Moscow Kremlin,0.2219652235507965
5466063_Grand_Canyon.jpg,Colorful mountains,0.19971542060375214
6093740_Niagara_Falls.jpg,Waterfalls and lakes,0.20459973812103271
10022633_Tianzi_Mountains.jpg,Colorful mountains,0.2011895775794983
2901574_Cappadocia.jpg,Cappadocia balloons,0.24782578647136688
1018769_Machu_Picchu.jpg,Ancient pyramids,0.19115743041038513
601756_Coliseum.jpg,Ancient ruins,0.1890074461698532
2947263_Niagara_Falls.jpg,Cappadocia balloons,0.09772150963544846
64714_Cappadocia.jpg,Cappadocia balloons,0.1648699939250946
9883659_Plitvice_Lakes.jpg,Pillar mountains,0.21631382405757904
9750192_Plitvice_Lakes.jpg,Waterfalls and lakes,0.1701740026473999
8171203_st_petersburg_hermitage.jpg,Moscow Kremlin,0.15774288773536682
3872941_Kremlin_Moscow.jpg,Moscow Kremlin,0.23223385214805603
697345_Pyramids_of_Giza.jpg,Ancient pyramids,0.24337232112884521
3617070_Kremlin_Moscow.jpg,Moscow Kremlin,0.2413903921842575
2902737_The_Eiffel_Tower.jpg,Ancient pyramids,0.16079235076904297
7374125_Zhangye_Danxia_Colorful_Rocks.jpg,Colorful mountains,0.1951788067817688
2366663_Zhangye_Danxia_Colorful_Rocks.jpg,Pillar mountains,0.21392162144184113
2391177_Kremlin_Moscow.jpg,Moscow Kremlin,0.1642029583454132
190055_Tianzi_Mountains.jpg,Colorful mountains,0.18658345937728882
4982113_Pyramids_of_Giza.jpg,Ancient pyramids,0.22031615674495697
8394189_Niagara_Falls.jpg,Waterfalls and lakes,0.1957380771636963
4575243_Kremlin_Moscow.jpg,Moscow Kremlin,0.2425338327884674
5286823_Zhangye_Danxia_Colorful_Rocks.jpg,Colorful mountains,0.14859957993030548
4762581_Pyramids_of_Giza.jpg,Ancient pyramids,0.23929013311862946
5716038_Niagara_Falls.jpg,Moscow Kremlin,0.13012944161891937
2613777_Kremlin_Moscow.jpg,Moscow Kremlin,0.2581482231616974
6012907_Tianzi_Mountains.jpg,Colorful mountains,0.17493006587028503
5237374_Zhangye_Danxia_Colorful_Rocks.jpg,Waterfalls and lakes,0.162602961063385
2197157_Machu_Picchu.jpg,Pillar mountains,0.19487985968589783
4948376_Zhangye_Danxia_Colorful_Rocks.jpg,Colorful mountains,0.15799559652805328
1029667_Kremlin_Moscow.jpg,Moscow Kremlin,0.2672283947467804
6757939_Cappadocia.jpg,Cappadocia balloons,0.29878872632980347
7105508_Pyramids_of_Giza.jpg,Ancient pyramids,0.236533522605896
6720424_Niagara_Falls.jpg,Ancient ruins,0.11052121967077255
5264864_Plitvice_Lakes.jpg,Waterfalls and lakes,0.24451927840709686
601760_Coliseum.jpg,Ancient ruins,0.18333721160888672
5436269_Burj_Khalifa.jpg,Ancient ruins,0.14596478641033173
4657956_Zhangye_Danxia_Colorful_Rocks.jpg,Waterfalls and lakes,0.13454501330852509
4361207_Plitvice_Lakes.jpg,Waterfalls and lakes,0.17544682323932648
1272671_Plitvice_Lakes.jpg,Waterfalls and lakes,0.23029778897762299
4102198_The_Eiffel_Tower.jpg,Tall towers/skyscrapers,0.16590620577335358
6421355_Plitvice_Lakes.jpg,Waterfalls and lakes,0.16106078028678894
3456568_Zhangye_Danxia_Colorful_Rocks.jpg,Waterfalls and lakes,0.17813770473003387
8357170_Plitvice_Lakes.jpg,Colorful mountains,0.19763880968093872
437346_Zhangye_Danxia_Colorful_Rocks.jpg,Ancient ruins,0.10899550467729568
2220462_Kremlin_Moscow.jpg,Moscow Kremlin,0.2504029870033264
8541936_Plitvice_Lakes.jpg,Waterfalls and lakes,0.18079158663749695
4978744_Zhangye_Danxia_Colorful_Rocks.jpg,Waterfalls and lakes,0.17426612973213196
8363426_Tianzi_Mountains.jpg,Colorful mountains,0.1950489729642868
6266164_Tianzi_Mountains.jpg,Colorful mountains,0.22741466760635376
4161911_st_petersburg_hermitage.jpg,Moscow Kremlin,0.1930888593196869
1719786_Grand_Canyon.jpg,Waterfalls and lakes,0.18423090875148773
4561274_Cappadocia.jpg,Cappadocia balloons,0.30291634798049927
4017269_Coliseum.jpg,Ancient ruins,0.17990168929100037
1323247_Coliseum.jpg,Ancient ruins,0.1957080066204071
4805301_st_petersburg_hermitage.jpg,Moscow Kremlin,0.19207730889320374
9883703_Tianzi_Mountains.jpg,Pillar mountains,0.19044137001037598
3971861_Plitvice_Lakes.jpg,Ancient pyramids,0.1267535388469696
53279_Grand_Canyon.jpg,Waterfalls and lakes,0.1692444086074829
5379287_Cappadocia.jpg,Cappadocia balloons,0.2896094024181366
2802206_Pyramids_of_Giza.jpg,Ancient pyramids,0.23713847994804382
6887737_Burj_Khalifa.jpg,Tall towers/skyscrapers,0.15101870894432068
436442_Cappadocia.jpg,Cappadocia balloons,0.2663261890411377
53621_Zhangye_Danxia_Colorful_Rocks.jpg,Ancient ruins,0.18468251824378967
785984_The_Eiffel_Tower.jpg,Ancient pyramids,0.17066943645477295
1037110_Grand_Canyon.jpg,Waterfalls and lakes,0.16673648357391357
772356_Machu_Picchu.jpg,Ancient pyramids,0.18589085340499878
4709274_Kremlin_Moscow.jpg,Moscow Kremlin,0.18995483219623566
383756_Coliseum.jpg,Ancient ruins,0.18714888393878937
2681533_Grand_Canyon.jpg,Waterfalls and lakes,0.18569456040859222
8307117_Coliseum.jpg,Ancient ruins,0.17865239083766937
3438537_st_petersburg_hermitage.jpg,Moscow Kremlin,0.19195890426635742
3017708_Coliseum.jpg,Ancient ruins,0.1893332451581955
7663722_Niagara_Falls.jpg,Waterfalls and lakes,0.13288089632987976
7887613_Niagara_Falls.jpg,Colorful mountains,0.16656023263931274
4810725_Zhangye_Danxia_Colorful_Rocks.jpg,Waterfalls and lakes,0.17013278603553772
43388_Machu_Picchu.jpg,Ancient pyramids,0.17894518375396729
6880311_Pyramids_of_Giza.jpg,Ancient pyramids,0.2405199408531189
219972_Niagara_Falls.jpg,Waterfalls and lakes,0.18521247804164886
5260863_Zhangye_Danxia_Colorful_Rocks.jpg,Colorful mountains,0.1795637458562851
6706894_Plitvice_Lakes.jpg,Waterfalls and lakes,0.17964798212051392
498378_The_Eiffel_Tower.jpg,Ancient pyramids,0.1565040498971939
5453673_Burj_Khalifa.jpg,Ancient pyramids,0.15176622569561005
2472646_Coliseum.jpg,Ancient ruins,0.19793350994586945
5577451_Zhangye_Danxia_Colorful_Rocks.jpg,Ancient ruins,0.14571736752986908
6792025_Niagara_Falls.jpg,Waterfalls and lakes,0.16675467789173126
2305606_Tianzi_Mountains.jpg,Colorful mountains,0.23199523985385895
3203280_Machu_Picchu.jpg,Ancient ruins,0.1822836548089981
64713_Cappadocia.jpg,Cappadocia balloons,0.17956334352493286
6551183_Plitvice_Lakes.jpg,Waterfalls and lakes,0.15627144277095795
4481919_Plitvice_Lakes.jpg,Waterfalls and lakes,0.15792052447795868
5603351_Zhangye_Danxia_Colorful_Rocks.jpg,Waterfalls and lakes,0.16300953924655914
3760423_st_petersburg_hermitage.jpg,Moscow Kremlin,0.22372695803642273
5143632_Machu_Picchu.jpg,Pillar mountains,0.1946086287498474
3217765_Pyramids_of_Giza.jpg,Ancient pyramids,0.23746559023857117
4796250_Pyramids_of_Giza.jpg,Ancient pyramids,0.1609223484992981
5210480_The_Eiffel_Tower.jpg,Tall towers/skyscrapers,0.16413722932338715
336182_Machu_Picchu.jpg,Ancient pyramids,0.18175968527793884
5148456_Kremlin_Moscow.jpg,Moscow Kremlin,0.22705253958702087
5268704_Zhangye_Danxia_Colorful_Rocks.jpg,Colorful mountains,0.20945265889167786
9082149_The_Eiffel_Tower.jpg,Tall towers/skyscrapers,0.14984506368637085
4431197_Grand_Canyon.jpg,Colorful mountains,0.17133331298828125
5890874_Tianzi_Mountains.jpg,Waterfalls and lakes,0.1845875233411789
4561269_Cappadocia.jpg,Cappadocia balloons,0.29712700843811035
8171206_st_petersburg_hermitage.jpg,Tall towers/skyscrapers,0.16520562767982483
3977117_Machu_Picchu.jpg,Ancient ruins,0.14138875901699066
3747214_st_petersburg_hermitage.jpg,Moscow Kremlin,0.21242755651474
6491734_The_Eiffel_Tower.jpg,Tall towers/skyscrapers,0.1775842010974884
5819652_Tianzi_Mountains.jpg,Colorful mountains,0.18982988595962524
5262284_Plitvice_Lakes.jpg,Waterfalls and lakes,0.24174925684928894
6902557_st_petersburg_hermitage.jpg,Waterfalls and lakes,0.1275857537984848
3883059_The_Eiffel_Tower.jpg,Ancient pyramids,0.16794979572296143
3437560_Niagara_Falls.jpg,Colorful mountains,0.20347879827022552
3753684_st_petersburg_hermitage.jpg,Moscow Kremlin,0.22823882102966309
248412_Burj_Khalifa.jpg,Ancient ruins,0.14702506363391876
2706841_st_petersburg_hermitage.jpg,Moscow Kremlin,0.2122810035943985
4309029_Machu_Picchu.jpg,Ancient pyramids,0.1899450272321701
4296614_The_Eiffel_Tower.jpg,Tall towers/skyscrapers,0.1658746898174286
4862122_Zhangye_Danxia_Colorful_Rocks.jpg,Pillar mountains,0.19089940190315247
5216896_Zhangye_Danxia_Colorful_Rocks.jpg,Colorful mountains,0.19566792249679565
5077140_Kremlin_Moscow.jpg,Moscow Kremlin,0.13579042255878448
2572396_Coliseum.jpg,Ancient ruins,0.20158205926418304
3944302_Coliseum.jpg,Ancient ruins,0.18656811118125916
5642327_Cappadocia.jpg,Cappadocia balloons,0.29888880252838135
4762669_st_petersburg_hermitage.jpg,Moscow Kremlin,0.1906907856464386
2264071_Niagara_Falls.jpg,Waterfalls and lakes,0.20432686805725098
5436276_Burj_Khalifa.jpg,Tall towers/skyscrapers,0.1497229039669037
4904552_Grand_Canyon.jpg,Colorful mountains,0.17480069398880005
4839058_Plitvice_Lakes.jpg,Waterfalls and lakes,0.20476168394088745
1272662_Plitvice_Lakes.jpg,Waterfalls and lakes,0.23524123430252075
1708496_Cappadocia.jpg,Cappadocia balloons,0.30808043479919434
139004_Zhangye_Danxia_Colorful_Rocks.jpg,Colorful mountains,0.15528833866119385
8587004_Zhangye_Danxia_Colorful_Rocks.jpg,Colorful mountains,0.18725049495697021
4040664_The_Eiffel_Tower.jpg,Tall towers/skyscrapers,0.12640021741390228
5349470_Kremlin_Moscow.jpg,Moscow Kremlin,0.2312331199645996
4566436_Grand_Canyon.jpg,Colorful mountains,0.18577629327774048
4595137_Grand_Canyon.jpg,Cappadocia balloons,0.15050339698791504
601757_Coliseum.jpg,Ancient ruins,0.19936774671077728
4820484_st_petersburg_hermitage.jpg,Waterfalls and lakes,0.14438048005104065
61200_Grand_Canyon.jpg,Ancient pyramids,0.1504201889038086
1225483_st_petersburg_hermitage.jpg,Moscow Kremlin,0.21613042056560516
1004294_st_petersburg_hermitage.jpg,Moscow Kremlin,0.19534674286842346
205241_Coliseum.jpg,Ancient ruins,0.21841520071029663
2912988_Machu_Picchu.jpg,Ancient pyramids,0.1984969824552536
6086083_Tianzi_Mountains.jpg,Colorful mountains,0.20837105810642242
6701636_Plitvice_Lakes.jpg,Waterfalls and lakes,0.20216454565525055
2425745_Grand_Canyon.jpg,Colorful mountains,0.18151172995567322
71071_Burj_Khalifa.jpg,Ancient pyramids,0.14882086217403412
4561264_Zhangye_Danxia_Colorful_Rocks.jpg,Cappadocia balloons,0.27560144662857056
6514351_Zhangye_Danxia_Colorful_Rocks.jpg,Ancient pyramids,0.15664251148700714
5029876_st_petersburg_hermitage.jpg,Moscow Kremlin,0.21748857200145721
54944_Niagara_Falls.jpg,Waterfalls and lakes,0.23396965861320496
202178_Pyramids_of_Giza.jpg,Ancient pyramids,0.18338608741760254
1757593_Tianzi_Mountains.jpg,Colorful mountains,0.1732824593782425
3396697_st_petersburg_hermitage.jpg,Moscow Kremlin,0.16743627190589905
9337950_Cappadocia.jpg,Cappadocia balloons,0.2596249282360077
8572003_Plitvice_Lakes.jpg,Waterfalls and lakes,0.18794316053390503
7082137_Pyramids_of_Giza.jpg,Pillar mountains,0.19595935940742493
7040298_Tianzi_Mountains.jpg,Ancient ruins,0.13141435384750366
4044174_Burj_Khalifa.jpg,Tall towers/skyscrapers,0.19560785591602325
3764008_The_Eiffel_Tower.jpg,Tall towers/skyscrapers,0.17763826251029968
53239_Grand_Canyon.jpg,Colorful mountains,0.17781944572925568
594611_Coliseum.jpg,Ancient ruins,0.19584137201309204
4068773_Zhangye_Danxia_Colorful_Rocks.jpg,Colorful mountains,0.1461789608001709
5834530_Niagara_Falls.jpg,Tall towers/skyscrapers,0.18532879650592804
4602053_Kremlin_Moscow.jpg,Moscow Kremlin,0.2623230218887329
3180615_Machu_Picchu.jpg,Ancient pyramids,0.1912713646888733
4922313_Burj_Khalifa.jpg,Tall towers/skyscrapers,0.17815494537353516
5332742_Machu_Picchu.jpg,Ancient pyramids,0.18341302871704102
5314319_Tianzi_Mountains.jpg,Colorful mountains,0.16319340467453003
63728_Tianzi_Mountains.jpg,Waterfalls and lakes,0.17777389287948608
4561268_Cappadocia.jpg,Cappadocia balloons,0.291206955909729
6288183_Niagara_Falls.jpg,Waterfalls and lakes,0.2203885316848755
1773472_Cappadocia.jpg,Cappadocia balloons,0.22310617566108704
4255748_The_Eiffel_Tower.jpg,Tall towers/skyscrapers,0.17385649681091309
1051379_Pyramids_of_Giza.jpg,Ancient pyramids,0.2448492795228958
1322853_Coliseum.jpg,Ancient ruins,0.20389235019683838
4944379_st_petersburg_hermitage.jpg,Waterfalls and lakes,0.13034020364284515
5740344_Burj_Khalifa.jpg,Tall towers/skyscrapers,0.16934797167778015
4762767_st_petersburg_hermitage.jpg,Moscow Kremlin,0.1848398745059967
2911504_Niagara_Falls.jpg,Ancient pyramids,0.11475170403718948
3937163_Kremlin_Moscow.jpg,Moscow Kremlin,0.2624453902244568
4707751_Kremlin_Moscow.jpg,Moscow Kremlin,0.23731450736522675
4561631_Grand_Canyon.jpg,Waterfalls and lakes,0.16775982081890106
8153221_Tianzi_Mountains.jpg,Colorful mountains,0.18252527713775635
7020123_Plitvice_Lakes.jpg,Waterfalls and lakes,0.157970130443573
5173654_Zhangye_Danxia_Colorful_Rocks.jpg,Pillar mountains,0.21581736207008362
4273792_Grand_Canyon.jpg,Waterfalls and lakes,0.17105449736118317
4847245_The_Eiffel_Tower.jpg,Tall towers/skyscrapers,0.16453434526920319
1238361_Zhangye_Danxia_Colorful_Rocks.jpg,Colorful mountains,0.22232899069786072
3609863_Tianzi_Mountains.jpg,Colorful mountains,0.19231390953063965
5386820_Plitvice_Lakes.jpg,Ancient ruins,0.13438937067985535
6749295_st_petersburg_hermitage.jpg,Moscow Kremlin,0.24166257679462433
2586019_Kremlin_Moscow.jpg,Moscow Kremlin,0.2692716419696808
287724_Plitvice_Lakes.jpg,Waterfalls and lakes,0.22639548778533936
8259296_Plitvice_Lakes.jpg,Waterfalls and lakes,0.1814505159854889
6958795_Niagara_Falls.jpg,Pillar mountains,0.20098724961280823
8569243_Kremlin_Moscow.jpg,Moscow Kremlin,0.22388455271720886
143716_st_petersburg_hermitage.jpg,Moscow Kremlin,0.19346752762794495
6887733_Burj_Khalifa.jpg,Tall towers/skyscrapers,0.15573787689208984
5369608_st_petersburg_hermitage.jpg,Moscow Kremlin,0.19354288280010223
4336398_Kremlin_Moscow.jpg,Moscow Kremlin,0.17772209644317627
4907205_Machu_Picchu.jpg,Ancient ruins,0.10670491307973862
4590651_Zhangye_Danxia_Colorful_Rocks.jpg,Waterfalls and lakes,0.15121997892856598
4818118_Machu_Picchu.jpg,Pillar mountains,0.2324313521385193
3862939_The_Eiffel_Tower.jpg,Tall towers/skyscrapers,0.1585978865623474
5213091_Kremlin_Moscow.jpg,Moscow Kremlin,0.265529990196228
8363426_Plitvice_Lakes.jpg,Colorful mountains,0.1950489729642868
997632_Pyramids_of_Giza.jpg,Ancient pyramids,0.19553154706954956
9247234_Tianzi_Mountains.jpg,Colorful mountains,0.21482262015342712
2292779_Burj_Khalifa.jpg,Tall towers/skyscrapers,0.17174404859542847
568001_Pyramids_of_Giza.jpg,Ancient pyramids,0.20498883724212646
9707472_Zhangye_Danxia_Colorful_Rocks.jpg,Waterfalls and lakes,0.1670718789100647
6824448_Cappadocia.jpg,Cappadocia balloons,0.2918335795402527
6903361_The_Eiffel_Tower.jpg,Tall towers/skyscrapers,0.16589118540287018
2014317_Burj_Khalifa.jpg,Tall towers/skyscrapers,0.17492108047008514
5808929_Cappadocia.jpg,Cappadocia balloons,0.2437932938337326
8298526_Plitvice_Lakes.jpg,Waterfalls and lakes,0.15908199548721313
7092064_Niagara_Falls.jpg,Waterfalls and lakes,0.14859969913959503
3126429_Grand_Canyon.jpg,Waterfalls and lakes,0.17422620952129364
2297204_Zhangye_Danxia_Colorful_Rocks.jpg,Colorful mountains,0.24028544127941132
2656537_Plitvice_Lakes.jpg,Waterfalls and lakes,0.24794256687164307
7431401_Grand_Canyon.jpg,Ancient ruins,0.15936875343322754
1108204_Grand_Canyon.jpg,Ancient pyramids,0.1693999469280243
6551466_Cappadocia.jpg,Cappadocia balloons,0.25056299567222595
2642453_Cappadocia.jpg,Cappadocia balloons,0.2399304211139679
8208608_Tianzi_Mountains.jpg,Colorful mountains,0.2505872845649719
8289743_Pyramids_of_Giza.jpg,Ancient pyramids,0.24752157926559448
1773468_Cappadocia.jpg,Cappadocia balloons,0.3061540126800537
4821523_st_petersburg_hermitage.jpg,Moscow Kremlin,0.10997496545314789
3769225_The_Eiffel_Tower.jpg,Tall towers/skyscrapers,0.1738424152135849
3389597_Kremlin_Moscow.jpg,Moscow Kremlin,0.25547099113464355
202181_Pyramids_of_Giza.jpg,Ancient ruins,0.19284911453723907
2391179_Kremlin_Moscow.jpg,Tall towers/skyscrapers,0.18357975780963898
7534634_Tianzi_Mountains.jpg,Colorful mountains,0.19913044571876526
3052642_Pyramids_of_Giza.jpg,Ancient pyramids,0.1742427945137024
4726941_Niagara_Falls.jpg,Waterfalls and lakes,0.23347310721874237
1678290_Niagara_Falls.jpg,Waterfalls and lakes,0.23125393688678741
530058_Pyramids_of_Giza.jpg,Ancient pyramids,0.20241683721542358
3160798_Niagara_Falls.jpg,Waterfalls and lakes,0.21593457460403442
939941_Machu_Picchu.jpg,Ancient pyramids,0.20431473851203918
4620664_Kremlin_Moscow.jpg,Moscow Kremlin,0.25033658742904663
584560_Coliseum.jpg,Ancient ruins,0.21147197484970093
43387_Machu_Picchu.jpg,Ancient pyramids,0.184644877910614
3794602_st_petersburg_hermitage.jpg,Moscow Kremlin,0.20120510458946228
5889982_Plitvice_Lakes.jpg,Ancient ruins,0.17176859080791473
1667760_Cappadocia.jpg,Cappadocia balloons,0.29584693908691406
2651961_The_Eiffel_Tower.jpg,Tall towers/skyscrapers,0.16166168451309204
6571891_Kremlin_Moscow.jpg,Moscow Kremlin,0.21407541632652283
339781_Burj_Khalifa.jpg,Tall towers/skyscrapers,0.1820843517780304
3456772_Coliseum.jpg,Ancient ruins,0.21496620774269104
4926556_Burj_Khalifa.jpg,Tall towers/skyscrapers,0.19700634479522705
3396623_st_petersburg_hermitage.jpg,Moscow Kremlin,0.19713543355464935
2684042_The_Eiffel_Tower.jpg,Tall towers/skyscrapers,0.1758718490600586
6477408_Burj_Khalifa.jpg,Tall towers/skyscrapers,0.16854466497898102
7393437_Cappadocia.jpg,Cappadocia balloons,0.23516172170639038
2656549_Plitvice_Lakes.jpg,Waterfalls and lakes,0.20188872516155243
14083_The_Eiffel_Tower.jpg,Ancient pyramids,0.1655116081237793
896405_Burj_Khalifa.jpg,Tall towers/skyscrapers,0.16544154286384583
1226124_Grand_Canyon.jpg,Colorful mountains,0.18610873818397522
1993645_Plitvice_Lakes.jpg,Colorful mountains,0.1945287436246872
6887738_Burj_Khalifa.jpg,Tall towers/skyscrapers,0.15544140338897705
2410449_Grand_Canyon.jpg,Colorful mountains,0.20163433253765106
5252185_Machu_Picchu.jpg,Ancient pyramids,0.17957618832588196
7202712_Pyramids_of_Giza.jpg,Ancient pyramids,0.22272473573684692
6203278_Zhangye_Danxia_Colorful_Rocks.jpg,Colorful mountains,0.16708114743232727
5246545_Tianzi_Mountains.jpg,Pillar mountains,0.2202296257019043
7144049_Tianzi_Mountains.jpg,Cappadocia balloons,0.14719465374946594
601761_Coliseum.jpg,Ancient ruins,0.18737025558948517
4654435_Burj_Khalifa.jpg,Tall towers/skyscrapers,0.1719813048839569
4998138_Kremlin_Moscow.jpg,Moscow Kremlin,0.23646318912506104
2680375_The_Eiffel_Tower.jpg,Tall towers/skyscrapers,0.17323598265647888
2066975_st_petersburg_hermitage.jpg,Moscow Kremlin,0.20450690388679504
3825976_Cappadocia.jpg,Cappadocia balloons,0.29468977451324463
436444_Cappadocia.jpg,Cappadocia balloons,0.28443968296051025
1520894_Coliseum.jpg,Ancient ruins,0.19652476906776428
2003375_Coliseum.jpg,Ancient ruins,0.20525670051574707
3907172_Cappadocia.jpg,Cappadocia balloons,0.2647550106048584
3086678_Grand_Canyon.jpg,Pillar mountains,0.17670124769210815
2030643_Coliseum.jpg,Ancient ruins,0.20318707823753357
965846_Grand_Canyon.jpg,Waterfalls and lakes,0.1764110028743744
3783850_Machu_Picchu.jpg,Waterfalls and lakes,0.19359949231147766
706423_st_petersburg_hermitage.jpg,Moscow Kremlin,0.15519766509532928
6580355_Coliseum.jpg,Ancient ruins,0.19769150018692017
62962_Pyramids_of_Giza.jpg,Ancient pyramids,0.20265087485313416
1035496_Grand_Canyon.jpg,Waterfalls and lakes,0.1823827624320984
5162024_Zhangye_Danxia_Colorful_Rocks.jpg,Waterfalls and lakes,0.19148941338062286
6590698_Plitvice_Lakes.jpg,Colorful mountains,0.18705397844314575
1051380_Pyramids_of_Giza.jpg,Ancient pyramids,0.24696338176727295
2567570_st_petersburg_hermitage.jpg,Moscow Kremlin,0.20549625158309937
5225422_Tianzi_Mountains.jpg,Colorful mountains,0.2014402449131012
6571901_Kremlin_Moscow.jpg,Moscow Kremlin,0.2053569108247757
673700_st_petersburg_hermitage.jpg,Moscow Kremlin,0.21983392536640167
5350695_The_Eiffel_Tower.jpg,Tall towers/skyscrapers,0.1582338660955429
